time_s	ecg_mV
0.0	1.1011575843117223
0.00390625	1.0614303863276633
0.0078125	0.9574969589282724
0.01171875	0.8071590660970246
0.015625	0.6294183406849746
0.01953125	0.44252516715196866
0.0234375	0.2639786815666435
0.02734375	0.10959442478975923
0.03125	-0.013427507341621625
0.03515625	-0.10322679131758433
0.0390625	-0.15995149482060697
0.04296875	-0.1857498189627939
0.046875	-0.18477009828587473
0.05078125	-0.1631608007612061
0.0546875	-0.12906683051315443
0.05859375	-0.09071182101339903
0.0625	-0.052741973627274674
0.06640625	-0.018374224809521
0.0703125	0.010249666646720335
0.07421875	0.03206311960990538
0.078125	0.04707473061008849
0.08203125	0.05636827383892168
0.0859375	0.06210270114965516
0.08984375	0.06648510229417504
0.09375	0.06976764036788297
0.09765625	0.07237853663676497
0.1015625	0.07468148326649016
0.10546875	0.07696478915294408
0.109375	0.07944137992222944
0.11328125	0.08224879793066509
0.1171875	0.08544920226478686
0.12109375	0.08902936874134709
0.125	0.09292736415749714
0.12890625	0.0972132115463849
0.1328125	0.10194664866460601
0.13671875	0.10717145969217645
0.140625	0.11292653380609097
0.14453125	0.1192458651803221
0.1484375	0.12615855298582201
0.15234375	0.13368880139052075
0.15625	0.14185591955932708
0.16015625	0.1506743216541283
0.1640625	0.16015352683379025
0.16796875	0.17029815925415726
0.171875	0.18110794806805253
0.17578125	0.19257772742527746
0.1796875	0.20469743647261207
0.18359375	0.21748969903401916
0.1875	0.23097550548819867
0.19140625	0.2450522353514223
0.1953125	0.2596129659537276
0.19921875	0.27455050449940455
0.203125	0.289757388066995
0.20703125	0.30512588360929327
0.2109375	0.32054798795334527
0.21484375	0.3359154278004498
0.21875	0.3511196597261568
0.22265625	0.36605187018026897
0.2265625	0.3806029754868413
0.23046875	0.39466362184418025
0.234375	0.4081241853248452
0.23828125	0.4208747718756469
0.2421875	0.43280521731764887
0.24609375	0.4438050873461661
0.25	0.4537636775307661
0.25390625	0.4625700133152685
0.2578125	0.47011285001774505
0.26171875	0.47628067283051956
0.265625	0.480961696820168
0.26953125	0.48404386692751833
0.2734375	0.4854209213698547
0.27734375	0.4850954507937971
0.28125	0.4831310539226088
0.28515625	0.4795957542056283
0.2890625	0.47456188215102457
0.29296875	0.46810607532579807
0.296875	0.46030927835578006
0.30078125	0.4512567429256331
0.3046875	0.44103802777885115
0.30859375	0.429746998717759
0.3125	0.4174818286035126
0.31640625	0.4043449973560992
0.3203125	0.39044329195433725
0.32421875	0.37588780643587627
0.328125	0.3607939418971967
0.33203125	0.3452814064936105
0.3359375	0.3294742154392608
0.33984375	0.3135006910071215
0.34375	0.297493462528998
0.34765625	0.2815894663955266
0.3515625	0.26592994605617504
0.35546875	0.2506604520192418
0.359375	0.23593056062055417
0.36328125	0.22181944285214272
0.3671875	0.20833745711248453
0.37109375	0.1955108234273163
0.375	0.18336126271681885
0.37890625	0.1719059967956187
0.3828125	0.16115774837278685
0.38671875	0.1511247410518396
0.390625	0.14181069933073753
0.39453125	0.13321484860188681
0.3984375	0.12533191515213837
0.40234375	0.11815212616278781
0.40625	0.11166120970957627
0.41015625	0.10584039476268892
0.4140625	0.1006664111867569
0.41796875	0.09611148974085532
0.421875	0.09214336207850488
0.42578125	0.08872526074767106
0.4296875	0.08581591919076409
0.43359375	0.08336957174463944
0.4375	0.0813359536405972
0.44140625	0.07966030100438248
0.4453125	0.07828335085618554
0.44921875	0.07716015693711459
0.453125	0.07629289288437274
0.45703125	0.07565814369860269
0.4609375	0.07523188045947826
0.46484375	0.07499144287999376
0.46875	0.07491553930646261
0.47265625	0.07498424671851889
0.4765625	0.07517901072911637
0.48046875	0.07548264558452833
0.484375	0.0758793341643485
0.48828125	0.07635462798149006
0.4921875	0.0768954471821865
0.49609375	0.07749008054599082
0.5	0.0781281854857761
0.50390625	0.07880078804773533
0.5078125	0.0795002829113815
0.51171875	0.08022043338954726
0.515625	0.08095637142838513
0.51953125	0.08170459760736781
0.5234375	0.0824629811392878
0.52734375	0.08323075987025741
0.53125	0.08400854027970883
0.53515625	0.08479829748039419
0.5390625	0.08560374748446886
0.54296875	0.08642510467109105
0.546875	0.08725829858723516
0.55078125	0.08809953136437715
0.5546875	0.08894535013296151
0.55859375	0.08979264702240103
0.5625	0.09063865916107722
0.56640625	0.09148096867633959
0.5703125	0.09231750269450678
0.57421875	0.09314653334086548
0.578125	0.09396667773967093
0.58203125	0.0947768980141468
0.5859375	0.09557650128648554
0.58984375	0.09636513967784788
0.59375	0.09714281030836275
0.59765625	0.09790985529712809
0.6015625	0.09866696176221013
0.60546875	0.0994151618206433
0.609375	0.10015583258843097
0.61328125	0.10089069618054447
0.6171875	0.1016218197109241
0.62109375	0.10235161529247849
0.625	0.10308284003708457
0.62890625	0.10381859605558796
0.6328125	0.10456233045780261
0.63671875	0.10531783535251094
0.640625	0.10608924784746432
0.64453125	0.10688105004938186
0.6484375	0.10769806906395174
0.65234375	0.10854547699583017
0.65625	0.10942879094864222
0.66015625	0.11035387302498134
0.6640625	0.11132693032640917
0.66796875	0.11235451495345627
0.671875	0.11344352400562152
0.67578125	0.11458708924085992
0.6796875	0.11580002081542884
0.68359375	0.11715906994775593
0.6875	0.11874116146170599
0.69140625	0.12062175437158984
0.6953125	0.12287484188216369
0.69921875	0.12557295138863034
0.703125	0.12878714447663742
0.70703125	0.1325870169222797
0.7109375	0.13704069869209667
0.71484375	0.1422148539430742
0.71875	0.14817468102264397
0.72265625	0.15498391246868348
0.7265625	0.16270481500951617
0.73046875	0.17139818956391129
0.734375	0.1811233712410839
0.73828125	0.19193822934069482
0.7421875	0.20390002813657992
0.74609375	0.21718353733796047
0.75	0.2316421613187729
0.75390625	0.246928643310817
0.7578125	0.2627095591808478
0.76171875	0.27866531743057565
0.765625	0.29449015919666577
0.76953125	0.3098921582507388
0.7734375	0.3245932209993705
0.77734375	0.33832908648409155
0.78125	0.3508493263813881
0.78515625	0.36191734500270123
0.7890625	0.3713103792944277
0.79296875	0.3788194988379182
0.796875	0.3842496058494803
0.80078125	0.38741943518037536
0.8046875	0.38816155431682053
0.80859375	0.3863223633799877
0.8125	0.3817543113698634
0.81640625	0.3744298040391426
0.8203125	0.36476160165988714
0.82421875	0.3532007215619686
0.828125	0.3401669179022563
0.83203125	0.32604868166461887
0.8359375	0.3112032406599229
0.83984375	0.29595655952603417
0.84375	0.2806033397278165
0.84765625	0.26540701955713264
0.8515625	0.2505997741328436
0.85546875	0.23638251540080923
0.859375	0.2229248921338881
0.86328125	0.21036528993193648
0.8671875	0.1988108312218103
0.87109375	0.1883373752573635
0.875	0.17898951811944863
0.87890625	0.17078059271591706
0.8828125	0.16369266878161826
0.88671875	0.15767655287840066
0.890625	0.1526433090771614
0.89453125	0.14847986594566343
0.8984375	0.14504425583117775
0.90234375	0.1420977327144023
0.90625	0.1393023770657582
0.91015625	0.13622109584538855
0.9140625	0.13231762250315937
0.91796875	0.12695651697865906
0.921875	0.11940316570119858
0.92578125	0.10882378158981143
0.9296875	0.09428540405325342
0.93359375	0.07478626498926827
0.9375	0.0510728880036429
0.94140625	0.02667538717359552
0.9453125	0.005650452615678314
0.94921875	-0.007603089256182083
0.953125	-0.008344275730684358
0.95703125	0.008509992200847305
0.9609375	0.04838494984446323
0.96484375	0.11666445767468903
0.96875	0.21565247827097256
0.97265625	0.3447808624853357
0.9765625	0.4992122562889617
0.98046875	0.6695711596122075
0.984375	0.8419439263446046
0.98828125	0.9978787643348582
0.9921875	1.114350320996766
0.99609375	1.1673800548776843
1.0	1.154092666948142
1.00390625	1.0806796498505995
1.0078125	0.9565504644204482
1.01171875	0.794332539686004
1.015625	0.6098712728685131
1.01953125	0.42223002938214715
1.0234375	0.2535276681958848
1.02734375	0.11640056648278285
1.03125	0.012084248366597328
1.03515625	-0.058727865047836114
1.0390625	-0.09735934864763501
1.04296875	-0.10715077331186934
1.046875	-0.09345970591156183
1.05078125	-0.06366070930968831
1.0546875	-0.026381968111913845
1.05859375	0.012526206942890805
1.0625	0.04905573164115429
1.06640625	0.08040808192259391
1.0703125	0.10500940831529504
1.07421875	0.12251053593571082
1.078125	0.13378696448866279
1.08203125	0.14093886826734037
1.0859375	0.14614966290589437
1.08984375	0.1498694540344453
1.09375	0.15267278378648952
1.09765625	0.15502988960240216
1.1015625	0.15730409230904163
1.10546875	0.15975179611974977
1.109375	0.16252248863435226
1.11328125	0.16565874083915755
1.1171875	0.16909740197865408
1.12109375	0.1728428067461042
1.125	0.17698374004262818
1.12890625	0.18156092944140767
1.1328125	0.1866121767250355
1.13671875	0.1921723578855149
1.140625	0.19827342312426022
1.14453125	0.20494439685209664
1.1484375	0.2122113776892598
1.15234375	0.2200975384653967
1.15625	0.22862312621956482
1.16015625	0.23780546220023246
1.1640625	0.24765894186527904
1.16796875	0.258226055419278
1.171875	0.26953005466886093
1.17578125	0.2815235987181258
1.1796875	0.29415381269056273
1.18359375	0.30736279894564134
1.1875	0.3210876370788117
1.19140625	0.3352603839215036
1.1953125	0.34980807354112664
1.19921875	0.36465271724107085
1.203125	0.37971130356070537
1.20703125	0.3948957982753801
1.2109375	0.4101131443964242
1.21484375	0.4252652621711477
1.21875	0.44024904908283935
1.22265625	0.45495637985076853
1.2265625	0.46927410643018475
1.23046875	0.48308405801231713
1.234375	0.4962630410243746
1.23828125	0.5086828391295464
1.2421875	0.5202102132270012
1.24609375	0.5307069014518884
1.25	0.5400296191753365
1.25390625	0.5480300590044547
1.2578125	0.5545547309440323
1.26171875	0.5594769888450849
1.265625	0.5627815218907019
1.26953125	0.5644817948360166
1.2734375	0.5645987915114745
1.27734375	0.5631610148228335
1.28125	0.5602044867511629
1.28515625	0.5557727483528448
1.2890625	0.5499168597595734
1.29296875	0.542695400178354
1.296875	0.534174467891505
1.30078125	0.5244276802566566
1.3046875	0.5135361737067512
1.30859375	0.501588603750043
1.3125	0.4886811449700983
1.31640625	0.4749174910257957
1.3203125	0.46040885465132586
1.32421875	0.44527396765619154
1.328125	0.4296390809252073
1.33203125	0.4136379644185003
1.3359375	0.3974119071715094
1.33984375	0.38110971729498555
1.34375	0.36488772197499175
1.34765625	0.3489097674729036
1.3515625	0.33334721912540854
1.35546875	0.31834464002077767
1.359375	0.3039011298388071
1.36328125	0.29004788620521305
1.3671875	0.2768185278417914
1.37109375	0.26424162087504377
1.375	0.2523406788361774
1.37890625	0.2411341626611051
1.3828125	0.2306354806904447
1.38671875	0.2208529886695203
1.390625	0.21178998974836116
1.39453125	0.20344473448170175
1.3984375	0.1958104208289828
1.40234375	0.18887519415434995
1.40625	0.1826221472266546
1.41015625	0.1770293202194536
1.4140625	0.17206970071100958
1.41796875	0.16771122368429037
1.421875	0.1639167715269696
1.42578125	0.16064417403142617
1.4296875	0.1578462083947445
1.43359375	0.15547059921871498
1.4375	0.15346001850983304
1.44140625	0.1517520856793
1.4453125	0.15030196450638988
1.44921875	0.14911655881498764
1.453125	0.14817129130114237
1.45703125	0.14744094846911404
1.4609375	0.14690177620908051
1.46484375	0.14653147979713765
1.46875	0.14630922389529932
1.47265625	0.14621563255149772
1.4765625	0.14623278919958294
1.48046875	0.14634423665932317
1.484375	0.14653497713640495
1.48828125	0.14679147222243238
1.4921875	0.1471016428949279
1.49609375	0.1474548695173321
1.5	0.1478419918390036
1.50390625	0.148255308995219
1.5078125	0.14868857950717307
1.51171875	0.14913702128197837
1.515625	0.1495973116126662
1.51953125	0.15006758717818514
1.5234375	0.15054744404340248
1.52734375	0.15103793765910312
1.53125	0.1515410780985641
1.53515625	0.1520553923695478
1.5390625	0.15257767821431634
1.54296875	0.15310501053914372
1.546875	0.15363471780909477
1.55078125	0.15416438204802607
1.5546875	0.1546918388385855
1.55859375	0.15521517732221235
1.5625	0.15573274019913752
1.56640625	0.15624312372838312
1.5703125	0.15674517772776275
1.57421875	0.1572380055738818
1.578125	0.15772096420213655
1.58203125	0.15819366410671487
1.5859375	0.15865596934059634
1.58984375	0.1591079975155517
1.59375	0.15955011980214318
1.59765625	0.15998296092972442
1.6015625	0.16040739918644065
1.60546875	0.16082456641922838
1.609375	0.16123584803381563
1.61328125	0.16164288299472174
1.6171875	0.16204756382525776
1.62109375	0.1624520366075256
1.625	0.1628587009824194
1.62890625	0.16327021014962406
1.6328125	0.1636894708676162
1.63671875	0.16411964345366403
1.640625	0.16456414178382683
1.64453125	0.16502663329295553
1.6484375	0.16551103897469244
1.65234375	0.1660215333814713
1.65625	0.16656254462451747
1.66015625	0.1671387543738473
1.6640625	0.16775509785826903
1.66796875	0.16838745603694094
1.671875	0.1690137635132708
1.67578125	0.16971413020322523
1.6796875	0.17056966739604307
1.68359375	0.1716588539028837
1.6875	0.1730575360568264
1.69140625	0.1748389277128708
1.6953125	0.17707361024793655
1.69921875	0.1798295325608641
1.703125	0.18317201107241332
1.70703125	0.18716372972526485
1.7109375	0.19186473998401943
1.71484375	0.19733246083519784
1.71875	0.20362167878724158
1.72265625	0.21078454787051182
1.7265625	0.2188705896372901
1.73046875	0.22792669316177838
1.734375	0.23799711504009868
1.73828125	0.24912347939029333
1.7421875	0.2613447778523247
1.74609375	0.2747793906555923
1.75	0.28959305496669896
1.75390625	0.3053273436482381
1.7578125	0.3214997751993881
1.76171875	0.33766660134869664
1.765625	0.35342280705408025
1.76953125	0.3684021105028257
1.7734375	0.3822769631115881
1.77734375	0.39475854952639244
1.78125	0.40559678762263307
1.78515625	0.4145803285050733
1.7890625	0.42153655650784627
1.79296875	0.4263315891944539
1.796875	0.42887027735776795
1.80078125	0.429096205020029
1.8046875	0.42699168943284715
1.80859375	0.42257778107720223
1.8125	0.4159142636634431
1.81640625	0.40709965413128746
1.8203125	0.39627120264982285
1.82421875	0.38361180695869757
1.828125	0.36947256311342425
1.83203125	0.35428807645970173
1.8359375	0.33845355497068097
1.83984375	0.32232628568911337
1.84375	0.3062256347273493
1.84765625	0.2904330472673393
1.8515625	0.27519204756063365
1.85546875	0.260708238928382
1.859375	0.24714930376133415
1.86328125	0.2346450035198393
1.8671875	0.22328717873384651
1.87109375	0.2131297490029047
1.875	0.20418871299616204
1.87890625	0.19644214845236696
1.8828125	0.1898302121798674
1.88671875	0.1842551400566108
1.890625	0.17958124703014489
1.89453125	0.1756349271176164
1.8984375	0.1722046534057724
1.90234375	0.16964374903031787
1.90625	0.16773726537606248
1.91015625	0.16472849737614093
1.9140625	0.1592753860392243
1.91796875	0.15048066304578112
1.921875	0.1378918507480772
1.92578125	0.12150126217017587
1.9296875	0.10174600100793763
1.93359375	0.07950796162902074
1.9375	0.05611382907288048
1.94140625	0.03299327923862966
1.9453125	0.011790471101983224
1.94921875	0.002301934753285939
1.953125	0.013410940075699151
1.95703125	0.0512264384527199
1.9609375	0.11908306276818104
1.96484375	0.2175411274062511
1.96875	0.3443866282514342
1.97265625	0.4946312426885704
1.9765625	0.6605123296028356
1.98046875	0.8314929293797405
1.984375	0.9919040330036911
1.98828125	1.116853053447075
1.9921875	1.1868758149700036
1.99609375	1.1915256087989419
2.0	1.1293658135292932
2.00390625	1.0079698951253953
2.0078125	0.8439214069205255
2.01171875	0.6596665356549595
2.015625	0.47307939818791744
2.01953125	0.2994933475527761
2.0234375	0.15019570774986002
2.02734375	0.03235820233831421
2.03125	-0.050963045563899245
2.03515625	-0.10082751327999773
2.0390625	-0.12052040232448397
2.04296875	-0.11440037429889405
2.046875	-0.09092985797193637
2.05078125	-0.057420280981770766
2.0546875	-0.019860514660156925
2.05859375	0.017083125967545687
2.0625	0.05006688218237765
2.06640625	0.07706955157177986
2.0703125	0.09739248802959305
2.07421875	0.11172713552214963
2.078125	0.12236974290083347
2.08203125	0.13031449725022626
2.0859375	0.13608154416985452
2.08984375	0.14014861166093584
2.09375	0.14295101012637945
2.09765625	0.1448816323707851
2.1015625	0.1462909536004442
2.10546875	0.1474870314233392
2.109375	0.14873550584914397
2.11328125	0.15025959928922328
2.1171875	0.15224011655663328
2.12109375	0.15481544486612153
2.125	0.15808155383412625
2.12890625	0.1620919954787774
2.1328125	0.16685790421989588
2.13671875	0.17234799687899383
2.140625	0.17848857267927465
2.14453125	0.18516351324563285
2.1484375	0.19221428260465434
2.15234375	0.19965171963936534
2.15625	0.20770418291438209
2.16015625	0.21639926821231947
2.1640625	0.22575317813311402
2.16796875	0.23577235741158808
2.171875	0.2464534929174509
2.17578125	0.2577835136552974
2.1796875	0.2697395907646095
2.18359375	0.28228913751975493
2.1875	0.2953898093299878
2.19140625	0.3089895037394488
2.1953125	0.3230263604271648
2.19921875	0.33742876120704857
2.203125	0.35211533002789985
2.20703125	0.36699493297340435
2.2109375	0.38196667826213393
2.21484375	0.3969199162475471
2.21875	0.4117342394179885
2.22265625	0.42632603875222697
2.2265625	0.4406325929991497
2.23046875	0.4544751361987688
2.234375	0.4676849609878563
2.23828125	0.48010762621426695
2.2421875	0.49160295693693734
2.24609375	0.5020450444258875
2.25	0.5113222461622194
2.25390625	0.5193371858381177
2.2578125	0.5260067533568495
2.26171875	0.5312621048327646
2.265625	0.5350486625912952
2.26953125	0.5373261151689557
2.2734375	0.5380684173133439
2.27734375	0.5372637899831391
2.28125	0.5349147203481036
2.28515625	0.5310379617890824
2.2890625	0.5256645338980028
2.29296875	0.5188397224778747
2.296875	0.5106230795427902
2.30078125	0.5010884233179245
2.3046875	0.4903173210270193
2.30859375	0.47831854883197855
2.3125	0.46522278765435454
2.31640625	0.4512005420238929
2.3203125	0.43641399181054685
2.32421875	0.4210169922244761
2.328125	0.40515507381604765
2.33203125	0.38896544247583553
2.3359375	0.372576979434621
2.33984375	0.3561102412633922
2.34375	0.3396774598733441
2.34765625	0.3233825425158794
2.3515625	0.30732107178260715
2.35546875	0.291580305605344
2.359375	0.27623917725611324
2.36328125	0.26136829534714545
2.3671875	0.2470299438308784
2.37109375	0.23327808199995648
2.375	0.22015834448723182
2.37890625	0.20770804126576292
2.3828125	0.1959561576488158
2.38671875	0.18492335428986317
2.390625	0.17462196718258516
2.39453125	0.1650560076608688
2.3984375	0.15623291816846874
2.40234375	0.14817975626996893
2.40625	0.14085711844497706
2.41015625	0.1342196562124619
2.4140625	0.12822347995075334
2.41796875	0.12282615889754223
2.421875	0.11798672114988062
2.42578125	0.11366565366418147
2.4296875	0.10982490225621877
2.43359375	0.10642787160112754
2.4375	0.10343942523340366
2.44140625	0.10082588554690441
2.4453125	0.09855503379484787
2.44921875	0.09659611008981289
2.453125	0.09491981340374
2.45703125	0.09349830156792982
2.4609375	0.09230519127304493
2.46484375	0.0913155580691084
2.46875	0.09050593636550447
2.47265625	0.08985431943097838
2.4765625	0.0893401593936361
2.48046875	0.08894436724094534
2.484375	0.08864931281973426
2.48828125	0.08843882483619214
2.4921875	0.08829819085586926
2.49609375	0.08821415730367715
2.5	0.08817492946388805
2.50390625	0.0881701714801354
2.5078125	0.08819100635541377
2.51171875	0.08823001595207847
2.515625	0.08828124099184609
2.51953125	0.08834018105579389
2.5234375	0.0884037945843607
2.52734375	0.08847049887734587
2.53125	0.0885401700939103
2.53515625	0.0886141432525751
2.5390625	0.08869521223122323
2.54296875	0.0887876297670982
2.546875	0.08889710745680462
2.55078125	0.0890303437762735
2.5546875	0.08917675586860202
2.55859375	0.08932740878721918
2.5625	0.08948049999288776
2.56640625	0.08963441366105995
2.5703125	0.08978772068187796
2.57421875	0.08993917866017342
2.578125	0.0900877319154677
2.58203125	0.09023251148197209
2.5859375	0.0903728351085874
2.58984375	0.09050820725890407
2.59375	0.0906383191112024
2.59765625	0.09076304855845219
2.6015625	0.0908824602083132
2.60546875	0.09099680538313476
2.609375	0.09110652211995574
2.61328125	0.09121223517050497
2.6171875	0.09131475600120076
2.62109375	0.09141508279315125
2.625	0.09151440044215431
2.62890625	0.09161408055869741
2.6328125	0.09171568146795783
2.63671875	0.09182094820980224
2.640625	0.0919318125387874
2.64453125	0.09205039292415945
2.6484375	0.09217899454985468
2.65234375	0.09232010931449852
2.65625	0.09247641583140648
2.66015625	0.09265077942858346
2.6640625	0.09284625214872438
2.66796875	0.09306616064951717
2.671875	0.09332076511023085
2.67578125	0.09362790173957214
2.6796875	0.09400942010267771
2.68359375	0.09449261268429898
2.6875	0.09511021488880095
2.69140625	0.09590040504016334
2.6953125	0.0969068043819799
2.69921875	0.09817847707745875
2.703125	0.09976993020942226
2.70703125	0.1017411137803067
2.7109375	0.10415742071216327
2.71484375	0.10708968684665676
2.71875	0.11061419094506675
2.72265625	0.1148126546882865
2.7265625	0.11977224267682418
2.73046875	0.12558556243080177
2.734375	0.13235066438995535
2.73828125	0.14016834794773936
2.7421875	0.14909079217373367
2.74609375	0.15911068138775786
2.75	0.17019090428003447
2.75390625	0.18226504303057833
2.7578125	0.19523737330919622
2.76171875	0.20898286427548685
2.765625	0.22334717857884145
2.76953125	0.23814667235844256
2.7734375	0.2531683952432653
2.77734375	0.26817009035207673
2.78125	0.2828801942934358
2.78515625	0.2969978371656937
2.7890625	0.31019284255699364
2.79296875	0.32210572754527056
2.796875	0.33234770269825187
2.80078125	0.34052415325368646
2.8046875	0.3464339908989471
2.80859375	0.34998836184327964
2.8125	0.3511379427711653
2.81640625	0.34987568945316305
2.8203125	0.34623683674591066
2.82421875	0.3402988985921239
2.828125	0.33218166802059756
2.83203125	0.3220472171462043
2.8359375	0.3100998971698954
2.83984375	0.2965863383787004
2.84375	0.2817954501457277
2.84765625	0.2660584209301635
2.8515625	0.24974871827727307
2.85546875	0.23328208881839962
2.859375	0.2170961798350235
2.86328125	0.20139109825798218
2.8671875	0.1863290850007464
2.87109375	0.1720740549363926
2.875	0.15875838990747293
2.87890625	0.1464829387260148
2.8828125	0.1353170171735214
2.88671875	0.12529840800097125
2.890625	0.11643336092881829
2.89453125	0.10869659264699238
2.8984375	0.10203128681489837
2.90234375	0.09634909406141717
2.90625	0.09153013198490473
2.91015625	0.08742298515319291
2.9140625	0.08384470510358855
2.91796875	0.08082618446355821
2.921875	0.07797621170827107
2.92578125	0.07413473519612174
2.9296875	0.06834643095418236
2.93359375	0.059876055967051256
2.9375	0.048208448176852936
2.94140625	0.03304852648323797
2.9453125	0.014321290743383286
2.94921875	-0.007828178228008242
2.953125	-0.033144909786394394
2.95703125	-0.05825067680833196
2.9609375	-0.0767686510710725
2.96484375	-0.08298407895023463
2.96875	-0.07195034732912253
2.97265625	-0.039488983598725935
2.9765625	0.01781034434227996
2.98046875	0.10258982808753414
2.984375	0.21672351872299
2.98828125	0.3626594686985347
2.9921875	0.5352325223446209
2.99609375	0.7121518275435593
3.0	0.8732677347214061
3.00390625	1.001864748594885
3.0078125	1.0846615281713885
3.01171875	1.1118108867489793
3.015625	1.0768997919163876
3.01953125	0.9772114378588578
3.0234375	0.82471732172836
3.02734375	0.6439796577509637
3.03125	0.45590609110450764
3.03515625	0.27717592323334317
3.0390625	0.12024011184833283
3.04296875	-0.006678729073148926
3.046875	-0.09958632928721495
3.05078125	-0.15871676228346765
3.0546875	-0.18527975777625752
3.05859375	-0.18386373968771247
3.0625	-0.16327914939900096
3.06640625	-0.1310787768638288
3.0703125	-0.09354532082385725
3.07421875	-0.05569138880870317
3.078125	-0.021259497135938943
3.08203125	0.007277929088907731
3.0859375	0.0287185559723534
3.08984375	0.04313014083295941
3.09375	0.05185053220133118
3.09765625	0.057486837637898136
3.1015625	0.06191877350965436
3.10546875	0.06509297108104062
3.109375	0.06743841605892847
3.11328125	0.06932255510262114
3.1171875	0.07105129582385461
3.12109375	0.07286900678679664
3.125	0.07495851750804744
3.12890625	0.07744111845663892
3.1328125	0.08037656105403573
3.13671875	0.08376305767413406
3.140625	0.0875372816432628
3.14453125	0.09164776217058546
3.1484375	0.09620498295038715
3.15234375	0.10126152167766456
3.15625	0.10686004037411423
3.16015625	0.11303683350375959
3.1640625	0.11982182797295204
3.16796875	0.12723858313036984
3.171875	0.1353042907670191
3.17578125	0.14402977511623294
3.1796875	0.15341949285367218
3.18359375	0.16347153309732487
3.1875	0.1741776174075066
3.19140625	0.1855230997868601
3.1953125	0.1974869666803558
3.19921875	0.21004183697529133
3.203125	0.2231539620012919
3.20703125	0.23686317818613145
3.2109375	0.2511937209404075
3.21484375	0.265986415735321
3.21875	0.28108512960392884
3.22265625	0.29633963146451303
3.2265625	0.3116055921205805
3.23046875	0.3267445842608637
3.234375	0.3416240824593193
3.23828125	0.3561174631751297
3.2421875	0.370104004752702
3.24609375	0.3834688874216686
3.25	0.39610319329688637
3.25390625	0.40790390637843765
3.2578125	0.4187739125516301
3.26171875	0.42862199958699576
3.265625	0.4373628571402921
3.26953125	0.4449170767525015
3.2734375	0.45121115184983107
3.27734375	0.45617747774371364
3.28125	0.4597543516308066
3.28515625	0.4618859725929927
3.2890625	0.4625224415973789
3.29296875	0.46161976149629835
3.296875	0.45913983702730843
3.30078125	0.4550504748131917
3.3046875	0.4492435242270688
3.30859375	0.4416849213505756
3.3125	0.4325598628598596
3.31640625	0.42204886386191176
3.3203125	0.4103250025093145
3.32421875	0.3975539200002417
3.328125	0.3838938205784592
3.33203125	0.3694954715333244
3.3359375	0.3545022031997864
3.33984375	0.3390499089583857
3.34375	0.32326704523525507
3.34765625	0.3072746315021182
3.3515625	0.2911862502762911
3.35546875	0.27510804712068115
3.359375	0.25913873064378723
3.36328125	0.24336957249970037
3.3671875	0.22788440738810278
3.37109375	0.2127596330542686
3.375	0.1980642102890635
3.37890625	0.18385966292894518
3.3828125	0.17020007785596247
3.38671875	0.1571321049977561
3.390625	0.14469495732755866
3.39453125	0.13292041086419437
3.3984375	0.12183280467207869
3.40234375	0.1114490408612191
3.40625	0.101778584587215
3.41015625	0.09282346405125697
3.4140625	0.08457827050012734
3.41796875	0.07703015822620052
3.421875	0.07015884456744209
3.42578125	0.06394808889689801
3.4296875	0.058383696103147864
3.43359375	0.05342090704317631
3.4375	0.04901564264908764
3.44140625	0.0451255828676011
3.4453125	0.041710166660050174
3.44921875	0.038730592002383435
3.453125	0.036149815885164194
3.45703125	0.033932554313570173
3.4609375	0.03204528230739395
3.46484375	0.030456233901043017
3.46875	0.029135402143539546
3.47265625	0.02805453909851996
3.4765625	0.027187155844236033
3.48046875	0.026508522473553897
3.484375	0.025995668093954427
3.48828125	0.025627380827533353
3.4921875	0.02538420781100098
3.49609375	0.025248455195682473
3.5	0.025204188147517737
3.50390625	0.025237230847060865
3.5078125	0.025335166489481642
3.51171875	0.02548733728456365
3.515625	0.025684844456705658
3.51953125	0.025920548244921293
3.5234375	0.02618906790283826
3.52734375	0.026486781698699724
3.53125	0.026811826915363213
3.53515625	0.02716404232258235
3.5390625	0.02753718360457791
3.54296875	0.027924909408875598
3.546875	0.028325155251893386
3.55078125	0.02873599377605568
3.5546875	0.02915563474979288
3.55859375	0.029582425067542162
3.5625	0.030014848749746914
3.56640625	0.03045152694285702
3.5703125	0.030891217919328584
3.57421875	0.03133281707762442
3.578125	0.031775356942213395
3.58203125	0.03221800716357115
3.5859375	0.032660074518179316
3.58984375	0.0331010029085263
3.59375	0.03354037336310661
3.59765625	0.033977904036421536
3.6015625	0.03441345020897807
3.60546875	0.034847004287290706
3.609375	0.035278695803879045
3.61328125	0.035708791417270125
3.6171875	0.036137694911996865
3.62109375	0.036565947198598736
3.625	0.03699422631362154
3.62890625	0.037423347419617614
3.6328125	0.03785426280514553
3.63671875	0.03828806188477052
3.640625	0.03872597119906385
3.64453125	0.03916935441460345
3.6484375	0.03961971232397338
3.65234375	0.04007868284576471
3.65625	0.040548041024574044
3.66015625	0.041029699031005284
3.6640625	0.04152570616166784
3.66796875	0.042038248839178394
3.671875	0.04256965061215939
3.67578125	0.04312237215523984
3.6796875	0.04367257365764721
3.68359375	0.04417339160515338
3.6875	0.04467924088540104
3.69140625	0.04525000146153613
3.6953125	0.04594515216406775
3.69921875	0.04682377069086818
3.703125	0.04794453360717271
3.70703125	0.04936571634558001
3.7109375	0.05114519320605154
3.71484375	0.053340437355912096
3.71875	0.05600852082984964
3.72265625	0.059206114529915144
3.7265625	0.06298948822552297
3.73046875	0.06741451055345021
3.734375	0.0725366490178374
3.73828125	0.07841096999018815
3.7421875	0.08509213870936916
3.74609375	0.09263441928161043
3.75	0.10109167468050484
3.75390625	0.1105173667470084
3.7578125	0.12096455618944035
3.76171875	0.13248590258348336
3.765625	0.145133664372183
3.76953125	0.15893306137999186
3.7734375	0.17366899125518132
3.77734375	0.18901613548614227
3.78125	0.20465796857918228
3.78515625	0.22028726567606782
3.7890625	0.23560610255402392
3.79296875	0.2503258556257342
3.796875	0.2641672019393415
3.80078125	0.2768601191784468
3.8046875	0.28814388566211013
3.80859375	0.29776708034485044
3.8125	0.30548758281664523
3.81640625	0.3110725733029305
3.8203125	0.3142985326646014
3.82421875	0.31495124239801164
3.828125	0.31285324083101806
3.83203125	0.30813995500881
3.8359375	0.30109126015571674
3.83984375	0.291986873861651
3.84375	0.28110616729699534
3.84765625	0.2687281652126028
3.8515625	0.25513154593979614
3.85546875	0.24059464139036857
3.859375	0.22539543705658338
3.86328125	0.20981157201117373
3.8671875	0.19412033890734315
3.87109375	0.17859868397876522
3.875	0.16352320703958345
3.87890625	0.14917016148441176
3.8828125	0.135815443219522
3.88671875	0.12346599973389027
3.890625	0.11209946172314023
3.89453125	0.10188829610763261
3.8984375	0.09293957936554548
3.90234375	0.08529499753287512
3.90625	0.07893084620343466
3.91015625	0.07375803052885527
3.9140625	0.06962206521858538
3.91796875	0.0663030745398911
3.921875	0.06351579231785609
3.92578125	0.060909561935381495
3.9296875	0.058068336333186144
3.93359375	0.0545106780098063
3.9375	0.04968975902159578
3.94140625	0.04299336098272594
3.9453125	0.028079108565172872
3.94921875	-0.000391175638982999
3.953125	-0.03535773612023957
3.95703125	-0.0704181915461532
3.9609375	-0.10000973127086632
3.96484375	-0.11940911533510773
3.96875	-0.1247326744661928
3.97265625	-0.11293631007802235
3.9765625	-0.08181549427108425
3.98046875	-0.030005269832452164
3.984375	0.04301974976421391
3.98828125	0.1369453803586671
3.9921875	0.25061786710407596
3.99609375	0.38204388446702064
4.0	0.5283905362274974
4.00390625	0.6859853554789143
4.0078125	0.8495453679948605
4.01171875	0.9937995409432786
4.015625	1.0913464696900586
4.01953125	1.1268463785667122
4.0234375	1.0943165651423645
4.02734375	0.997131400223754
4.03125	0.8480223278552314
4.03515625	0.6685748846594394
4.0390625	0.48105517033984024
4.04296875	0.3035699509902494
4.046875	0.14963777420508295
4.05078125	0.027862792419733384
4.0546875	-0.05806523708942879
4.05859375	-0.10922345548495377
4.0625	-0.127466233651839
4.06640625	-0.1201694719466958
4.0703125	-0.09598391313763271
4.07421875	-0.06223372325677312
4.078125	-0.02491649160025583
4.08203125	0.01129676927176504
4.0859375	0.04306162353512072
4.08984375	0.06836021210162674
4.09375	0.08652918495934786
4.09765625	0.09888286891526626
4.1015625	0.1070476894012592
4.10546875	0.1122486569780945
4.109375	0.11552514328453534
4.11328125	0.11773088103734042
4.1171875	0.1195339640312637
4.12109375	0.12141684713905454
4.125	0.12367634631145741
4.12890625	0.12642363857721273
4.1328125	0.12958426204305573
4.13671875	0.1329186646108581
4.140625	0.13652483191804698
4.14453125	0.14054695988795307
4.1484375	0.14502879798916657
4.15234375	0.1500105470134636
4.15625	0.15552885907580571
4.16015625	0.1616168376143401
4.1640625	0.16830403739039956
4.16796875	0.17561646448850265
4.171875	0.1835765763163535
4.17578125	0.19220328160484168
4.1796875	0.20151194040804266
4.18359375	0.21151436410321733
4.1875	0.2222561308280111
4.19140625	0.2339064489258743
4.1953125	0.24638882842906307
4.19921875	0.25959032112130687
4.203125	0.27339874749323156
4.20703125	0.28770269674235904
4.2109375	0.30239152677310754
4.21484375	0.31735536419679145
4.21875	0.3324851043316215
4.22265625	0.34767241120270453
4.2265625	0.3628097175420433
4.23046875	0.3777902247885373
4.234375	0.3925079030879819
4.23828125	0.4068574912930688
4.2421875	0.42073449696338583
4.24609375	0.4340351963654173
4.25	0.446656634472543
4.25390625	0.45849662496503985
4.2578125	0.4694537502300805
4.26171875	0.4794273613617338
4.265625	0.48831757816096477
4.26953125	0.49602528913563504
4.2734375	0.5024521515005018
4.27734375	0.5075005911772194
4.28125	0.511073802794337
4.28515625	0.5130757496873012
4.2890625	0.5134111638984544
4.29296875	0.5119855461770351
4.296875	0.508705514515082
4.30078125	0.5036365705697765
4.3046875	0.4969324899007015
4.30859375	0.48874339408860346
4.3125	0.47921564718513077
4.31640625	0.46849185571283236
4.3203125	0.4567108686651593
4.32421875	0.44400777750646314
4.328125	0.43051391617199697
4.33203125	0.4163568610679156
4.3359375	0.40166043107127436
4.33984375	0.3865446875300306
4.34375	0.37112593426304197
4.34765625	0.35551671756006875
4.3515625	0.3398258261817715
4.35546875	0.3241582913597122
4.359375	0.30861538679635414
4.36328125	0.2932946286650625
4.3671875	0.2782897756101027
4.37109375	0.2636908287466422
4.375	0.2495840316607495
4.37890625	0.23605187040939424
4.3828125	0.22317307352044768
4.38671875	0.21102261199268202
4.390625	0.1996716992957709
4.39453125	0.18917890113239477
4.3984375	0.17952975642748337
4.40234375	0.1706852095948409
4.40625	0.16260761887459063
4.41015625	0.1552598406859682
4.4140625	0.14860522962732237
4.41796875	0.14260763847611369
4.421875	0.13723141818891604
4.42578125	0.13244141790141561
4.4296875	0.12820298492841142
4.43359375	0.12448196476381468
4.4375	0.12124470108064977
4.44140625	0.11845803573105307
4.4453125	0.11608930874627421
4.44921875	0.11410635833667493
4.453125	0.11247752089172991
4.45703125	0.11117163098002625
4.4609375	0.11015802134926378
4.46484375	0.10940652292625486
4.46875	0.10888746481692457
4.47265625	0.10857167430631054
4.4765625	0.10843047685856289
4.48046875	0.1084356961169447
4.484375	0.10855965390383138
4.48828125	0.10877517022071082
4.4921875	0.10905650691467716
4.49609375	0.1093990686331423
4.5	0.10980023712709841
4.50390625	0.11025339081996144
4.5078125	0.11075228834044659
4.51171875	0.1112910685225682
4.515625	0.11186425040563974
4.51953125	0.1124667332342737
4.5234375	0.11309379645838147
4.52734375	0.11374109973317392
4.53125	0.11440468291916062
4.53515625	0.11508096608215024
4.5390625	0.11576674949325094
4.54296875	0.11645921362886957
4.546875	0.11715591917071222
4.55078125	0.11785480700578421
4.5546875	0.11855419822638957
4.55859375	0.11925279413013157
4.5625	0.11994967621991293
4.56640625	0.12064430620393474
4.5703125	0.12133652599569811
4.57421875	0.12202655771400228
4.578125	0.12271500368294608
4.58203125	0.12340284643192734
4.5859375	0.12409144869564304
4.58984375	0.12478255500571123
4.59375	0.1254842674826805
4.59765625	0.12619787345615296
4.6015625	0.12691667169059884
4.60546875	0.12763508451611627
4.609375	0.12834865782843075
4.61328125	0.1290540610888954
4.6171875	0.12974908732449064
4.62109375	0.13043265312782515
4.625	0.13110479865713454
4.62890625	0.1317666876362823
4.6328125	0.13242060735475958
4.63671875	0.13306996866768495
4.640625	0.1337193059958044
4.64453125	0.134374277325492
4.6484375	0.13504166420874875
4.65234375	0.1357293717632041
4.65625	0.1364464286721141
4.66015625	0.13720298718436297
4.6640625	0.13801032311446249
4.66796875	0.13888083584255184
4.671875	0.13982804831439788
4.67578125	0.14086660704139498
4.6796875	0.14201228210056527
4.68359375	0.14324315504395113
4.6875	0.14459854805007843
4.69140625	0.1461888496499001
4.6953125	0.14811810049647178
4.69921875	0.15048397092004118
4.703125	0.1533777609280479
4.70703125	0.15688440020512362
4.7109375	0.16108244811309136
4.71484375	0.16604409369096662
4.71875	0.17183515565495644
4.72265625	0.17851508239846003
4.7265625	0.18613695199206826
4.73046875	0.19474747218356403
4.734375	0.2043869803979219
4.73828125	0.21508944373730876
4.7421875	0.22688245898108295
4.74609375	0.23978725258579492
4.75	0.253925375678973
4.75390625	0.26916126180445155
4.7578125	0.28505346813332144
4.76171875	0.30118728461723254
4.765625	0.31717604623493345
4.76953125	0.33266113299227185
4.7734375	0.3473119699221936
4.77734375	0.3608260270847444
4.78125	0.37292881956706825
4.78515625	0.38337390748340827
4.7890625	0.39194289597510645
4.79296875	0.3984454352106034
4.796875	0.40271922038543884
4.80078125	0.40462999172225145
4.8046875	0.4040715344707786
4.80859375	0.4009656789078566
4.8125	0.3952623003374206
4.81640625	0.3869534894674178
4.8203125	0.3763536999999533
4.82421875	0.3639454585303651
4.828125	0.35017642037608654
4.83203125	0.3354580386762299
4.8359375	0.3201655643915864
4.83984375	0.30463804630462543
4.84375	0.28917833101949597
4.84765625	0.2740530629620248
4.8515625	0.2594926843797184
4.85546875	0.24569143534176097
4.859375	0.23280735373901607
4.86328125	0.2209622752840259
4.8671875	0.21024183351101156
4.87109375	0.20069545977587244
4.875	0.19233638325618696
4.87890625	0.18514163095121228
4.8828125	0.17901099349668537
4.88671875	0.17375562789971055
4.890625	0.16941442874111545
4.89453125	0.1659155590522825
4.8984375	0.16303876566797615
4.90234375	0.16041537922634352
4.90625	0.15752831416891433
4.91015625	0.15371206874060006
4.9140625	0.14815272498969523
4.91796875	0.13988794876787658
4.921875	0.1278070737398379
4.92578125	0.11103126697680443
4.9296875	0.09002229042057869
4.93359375	0.06645526381569156
4.9375	0.04316407439121028
4.94140625	0.024141376860739194
4.9453125	0.014538593422418977
4.94921875	0.020660467623174916
4.953125	0.047555038206746114
4.95703125	0.10150037393314393
4.9609375	0.18746827104295916
4.96484375	0.30594565830054454
4.96875	0.4529345969940145
4.97265625	0.6199522809352452
4.9765625	0.7940388271375997
4.98046875	0.9579618965820876
4.984375	1.086959140899376
4.98828125	1.1608767977245398
4.9921875	1.1685949414267496
4.99609375	1.1080274831092676
5.0	0.9861221706094522
5.00390625	0.8188605884987551
5.0078125	0.6312155694093918
5.01171875	0.44682474370856495
5.015625	0.27828141472896717
5.01953125	0.13559462486513685
5.0234375	0.025194060340032354
5.02734375	-0.0500699487949679
5.03125	-0.09092642866006606
5.03515625	-0.1016837615470439
5.0390625	-0.08948041587596511
5.04296875	-0.060795736507694154
5.046875	-0.023417032805919002
5.05078125	0.016174554370566974
5.0546875	0.05314592496596071
5.05859375	0.08431201972744995
5.0625	0.10813582020521262
5.06640625	0.12472834875241745
5.0703125	0.13584866852522315
5.07421875	0.14366516210943803
5.078125	0.14895746023027523
5.08203125	0.1525626563571958
5.0859375	0.1551780669577939
5.08984375	0.15736119236894563
5.09375	0.15952971679680916
5.09765625	0.16196150831682476
5.1015625	0.1647946188737145
5.10546875	0.16802728428148272
5.109375	0.1715229589156264
5.11328125	0.17530794878527545
5.1171875	0.17949813253694857
5.12109375	0.18413474073759595
5.125	0.1892559951422621
5.12890625	0.1948971086940875
5.1328125	0.2010902855243072
5.13671875	0.2078647209522516
5.140625	0.21524660148534613
5.14453125	0.2232591048191117
5.1484375	0.23192239983716367
5.15234375	0.2412536466112134
5.15625	0.25126867163595445
5.16015625	0.2620217582980401
5.1640625	0.2735022931738803
5.16796875	0.2856623648164496
5.171875	0.29844860365007153
5.17578125	0.31180218197042064
5.1796875	0.3256588139445208
5.18359375	0.3399487556107462
5.1875	0.35459680487882095
5.19140625	0.3695223015298189
5.1953125	0.38463912721616433
5.19921875	0.3998557054616313
5.203125	0.4150750016613435
5.20703125	0.4301945230817754
5.2109375	0.4451063188607507
5.21484375	0.45969698000744363
5.21875	0.47384763940237784
5.22265625	0.48743397179742776
5.2265625	0.500326193815817
5.23046875	0.5123890639521198
5.234375	0.5234818825722598
5.23828125	0.5334584919135109
5.2421875	0.5421672760844974
5.24609375	0.5494511610651931
5.25	0.5551648042757956
5.25390625	0.55926638896392
5.2578125	0.5617590650460802
5.26171875	0.5626544406636479
5.265625	0.5619725566700661
5.26953125	0.5597418866308488
5.2734375	0.5559993368235814
5.27734375	0.5507902462379204
5.28125	0.5441683865755937
5.28515625	0.5361959622504006
5.2890625	0.5269436103882109
5.29296875	0.5164904008269665
5.296875	0.5049238361166803
5.30078125	0.49233985151943627
5.3046875	0.4788428150093895
5.30859375	0.4645455272727671
5.3125	0.4495692217078662
5.31640625	0.4340435644250561
5.3203125	0.4181066542467773
5.32421875	0.401905022707541
5.328125	0.38559363405393043
5.33203125	0.36933588524459904
5.3359375	0.3533036059502723
5.33984375	0.3376770585537471
5.34375	0.3225830329475481
5.34765625	0.30801946056392693
5.3515625	0.29402965561268557
5.35546875	0.2806531404618604
5.359375	0.26792376980975197
5.36328125	0.2558697306849246
5.3671875	0.2445135424462065
5.37109375	0.23387205678269052
5.375	0.22395645771373285
5.37890625	0.21477226158895402
5.3828125	0.2063193170882387
5.38671875	0.19859180522173492
5.390625	0.19157823932985552
5.39453125	0.1852614650832769
5.3984375	0.17961866048293962
5.40234375	0.17462133586004824
5.40625	0.17023533387607104
5.41015625	0.16642082952274095
5.4140625	0.1631323301220542
5.41796875	0.16031867532627153
5.421875	0.15792303711791733
5.42578125	0.15588291980978042
5.4296875	0.15413456590601282
5.43359375	0.15267390189125674
5.4375	0.1514852093321456
5.44140625	0.15054066708716551
5.4453125	0.149814022089095
5.44921875	0.14928058934500388
5.453125	0.1489172519362546
5.45703125	0.14870246101850115
5.4609375	0.14861623582168926
5.46484375	0.14864016365005717
5.46875	0.14875739988213477
5.47265625	0.1489526679707439
5.4765625	0.1492122594429982
5.48046875	0.14952403390030367
5.484375	0.14987741901835772
5.48828125	0.1502634105471503
5.4921875	0.1506745723109627
5.49609375	0.1511050362083688
5.5	0.15155050221223376
5.50390625	0.1520082383697151
5.5078125	0.15247708080226252
5.51171875	0.15295743370561699
5.515625	0.15345114313631125
5.51953125	0.1539572029266708
5.5234375	0.15447216779512163
5.52734375	0.15499316398889817
5.53125	0.15551755806369694
5.53515625	0.15604295688367553
5.5390625	0.1565672076214537
5.54296875	0.1570883977581129
5.546875	0.15760485508319566
5.55078125	0.1581151476947067
5.5546875	0.15861808399911215
5.55859375	0.15911271271133975
5.5625	0.15959832285477893
5.56640625	0.16007444376128088
5.5703125	0.16054084507115807
5.57421875	0.1609975367331853
5.578125	0.16144476900459814
5.58203125	0.1618830324510946
5.5859375	0.1623130579468337
5.58984375	0.1627358166744366
5.59375	0.16315252012498582
5.59765625	0.16356462009802542
5.6015625	0.16397380870156153
5.60546875	0.16438201835206157
5.609375	0.16479142177445472
5.61328125	0.16520443200213164
5.6171875	0.1656237023769448
5.62109375	0.16605212654920865
5.625	0.16649283847769836
5.62890625	0.16694921242965166
5.6328125	0.16742486298076753
5.63671875	0.16792364501520662
5.640625	0.16844965372559118
5.64453125	0.1690072246130051
5.6484375	0.169600933486994
5.65234375	0.17021207665754345
5.65625	0.17080709065255384
5.66015625	0.17146092150926173
5.6640625	0.1722532781869246
5.66796875	0.17326160884006947
5.671875	0.17456110081849352
5.67578125	0.1762246806672637
5.6796875	0.17832301412671736
5.68359375	0.18092450613246136
5.6875	0.1840953008153724
5.69140625	0.18789928150159751
5.6953125	0.19239807071255344
5.69921875	0.1976510301649268
5.703125	0.20371526077067448
5.70703125	0.2106456026370228
5.7109375	0.2184946350664687
5.71484375	0.22731267655677834
5.71875	0.2371477848009883
5.72265625	0.2480457566874048
5.7265625	0.2600501282996043
5.73046875	0.27325529489510036
5.734375	0.2879027262722478
5.73828125	0.3035681608594719
5.7421875	0.3197492947561924
5.74609375	0.33598432724548644
5.75	0.35185196079408887
5.75390625	0.3669714010523917
5.7578125	0.3810023568544447
5.76171875	0.393645040217955
5.765625	0.40464016634428723
5.76953125	0.41376895361846344
5.7734375	0.42085312360916294
5.77734375	0.42575490106872316
5.78125	0.42837701393313854
5.78515625	0.42866269332206075
5.7890625	0.42659567353879957
5.79296875	0.422200192070322
5.796875	0.4155409895872523
5.80078125	0.4067233099438722
5.8046875	0.3958929001781215
5.80859375	0.3832378981293484
5.8125	0.3690924809119538
5.81640625	0.3539006488425417
5.8203125	0.338065167176387
5.82421875	0.32194959232876563
5.828125	0.3058782718749543
5.83203125	0.29013634455023074
5.8359375	0.27496974024987353
5.83984375	0.2605851800291622
5.84375	0.2471501761033772
5.84765625	0.23479303184779976
5.8515625	0.22360284179771206
5.85546875	0.2136294916483975
5.859375	0.20488365825514
5.86328125	0.19733680963322442
5.8671875	0.19092120495793663
5.87109375	0.1855298945645636
5.875	0.18101671994839286
5.87890625	0.1771963137647129
5.8828125	0.17388105913712237
5.88671875	0.17164826268794442
5.890625	0.16941178278007252
5.89453125	0.165648671239209
5.8984375	0.15923375510005033
5.90234375	0.14943963660628723
5.90625	0.1359366932106041
5.91015625	0.11879307757468016
5.9140625	0.09847471756918835
5.91796875	0.07584531627379593
5.921875	0.05216635197716418
5.92578125	0.028034838199901546
5.9296875	0.010514383590574106
5.93359375	0.009151861742262235
5.9375	0.03100542060582917
5.94140625	0.08064425027425104
5.9453125	0.16014858298261747
5.94921875	0.2691096931081307
5.953125	0.4046298971701062
5.95703125	0.5613225538299729
5.9609375	0.7313120638912721
5.96484375	0.9024389908505265
5.96875	1.0497560518391005
5.97265625	1.1498628254578231
5.9765625	1.188305568627035
5.98046875	1.1596068264642074
5.984375	1.0672654322839437
5.98828125	0.9237565075979745
5.9921875	0.7488704563715204
5.99609375	0.5612390050250557
6.0	0.3783642737295295
6.00390625	0.213831600855247
6.0078125	0.07704395558049398
6.01171875	-0.02677806210846012
6.015625	-0.09659622141736535
6.01953125	-0.13454110199230068
6.0234375	-0.14285140707585686
6.02734375	-0.1295176354496937
6.03125	-0.10214592217114948
6.03515625	-0.0671486453733402
6.0390625	-0.02974442626515933
6.04296875	0.0060418708687222655
6.046875	0.03737913866785597
6.05078125	0.06263002669601558
6.0546875	0.08135094144119787
6.05859375	0.09442216932364139
6.0625	0.10369882212017179
6.06640625	0.11010444244908313
6.0703125	0.11437544975536029
6.07421875	0.11716119354315735
6.078125	0.11902395337579874
6.08203125	0.12043893887577806
6.0859375	0.12179428972475859
6.08984375	0.12339107566357332
6.09375	0.12544329649222474
6.09765625	0.12807788206988557
6.1015625	0.13133469231489725
6.10546875	0.13516651720477157
6.109375	0.13943907677618972
6.11328125	0.14393554197286917
6.1171875	0.14873615912227733
6.12109375	0.1540221872759936
6.125	0.15983551809445484
6.12890625	0.1662118418845433
6.1328125	0.17318064759958696
6.13671875	0.18076522283935925
6.140625	0.18898265385007917
6.14453125	0.19784382552441115
6.1484375	0.20735342140146518
6.15234375	0.21750992366679667
6.15625	0.22830561315240672
6.16015625	0.23972656933674175
6.1640625	0.25175267034469384
6.16796875	0.26435759294760064
6.171875	0.2775089158491433
6.17578125	0.29124939395604155
6.1796875	0.30554252467515197
6.18359375	0.32025284675645993
6.1875	0.33524830854451293
6.19140625	0.3504002679784207
6.1953125	0.36558349259185563
6.19921875	0.38067615951305256
6.203125	0.3955598554648083
6.20703125	0.41011957676448285
6.2109375	0.4242437293239978
6.21484375	0.43782412864983744
6.21875	0.4507559998430486
6.22265625	0.4629379775992404
6.2265625	0.47427210620858395
6.23046875	0.4846638395558136
6.234375	0.49402204112022585
6.23828125	0.5022589839756788
6.2421875	0.5092903507905938
6.24609375	0.5150352338279545
6.25	0.5194161349453064
6.25390625	0.5223589655947583
6.2578125	0.5237930468229807
6.26171875	0.5236511092712061
6.265625	0.5218387241782261
6.26953125	0.5181463318900915
6.2734375	0.5126808748575593
6.27734375	0.50560241460644
6.28125	0.4970657751302455
6.28515625	0.48722054289018846
6.2890625	0.4762110668151813
6.29296875	0.46417645830183685
6.296875	0.451250591214469
6.30078125	0.4375621018850915
6.3046875	0.42323438911341904
6.30859375	0.4083856141668668
6.3125	0.39312870078055007
6.31640625	0.3775713351572847
6.3203125	0.361815965967587
6.32421875	0.345959804349674
6.328125	0.330094823909463
6.33203125	0.31430776072057154
6.3359375	0.298680113324318
6.33984375	0.283288142729721
6.34375	0.2682028724134998
6.34765625	0.25349008832007414
6.3515625	0.23921033886156373
6.35546875	0.22541893491778942
6.359375	0.21216594983627224
6.36328125	0.1994962194322335
6.3671875	0.1874493419885951
6.37109375	0.17605967825598
6.375	0.16535635145271044
6.37890625	0.15536324726480988
6.3828125	0.1460990138460022
6.38671875	0.1375770618177118
6.390625	0.12980364056627725
6.39453125	0.12275027946146655
6.3984375	0.11637057873816314
6.40234375	0.11062035416557192
6.40625	0.10545694592410082
6.41015625	0.1008392186053616
6.4140625	0.09672756121216969
6.41796875	0.09308388715854382
6.421875	0.08987163426970629
6.42578125	0.08705576478208293
6.4296875	0.08460276534330308
6.43359375	0.08248064701219959
6.4375	0.08065894525880885
6.44140625	0.07910871996437091
6.4453125	0.07780255542132902
6.44921875	0.07671456033333024
6.453125	0.07582036781522494
6.45703125	0.07509713539306712
6.4609375	0.0745235450041144
6.46484375	0.07407980299682776
6.46875	0.07374764013087165
6.47265625	0.07351031157711435
6.4765625	0.0733525969176273
6.48046875	0.0732608001456857
6.484375	0.07322274966576803
6.48828125	0.07322779829355658
6.4921875	0.07326682325593703
6.49609375	0.07333222619099844
6.5	0.07341793314803369
6.50390625	0.07351939458753898
6.5078125	0.0736335853812139
6.51171875	0.07375900481196196
6.515625	0.07389567657388973
6.51953125	0.07404514877230756
6.5234375	0.07421049392372969
6.52734375	0.07439632620576314
6.53125	0.07460795059009373
6.53515625	0.0748421144124437
6.5390625	0.07509292859098604
6.54296875	0.07535496122196
6.546875	0.07562323757967226
6.55078125	0.07589324011649612
6.5546875	0.07616090846287182
6.55859375	0.07642263942730637
6.5625	0.07667528699637388
6.56640625	0.07691616233471515
6.5703125	0.07714303378503806
6.57421875	0.07735412686811716
6.578125	0.0775481242827939
6.58203125	0.07772416590597692
6.5859375	0.07788184879264132
6.58984375	0.07802122717582943
6.59375	0.07814281246665028
6.59765625	0.07824757325427972
6.6015625	0.07833693530596064
6.60546875	0.07841278156700277
6.609375	0.07847745216078272
6.61328125	0.07853374438874394
6.6171875	0.07858491273039675
6.62109375	0.07863466884331849
6.625	0.07868718156315319
6.62890625	0.07874707690361199
6.6328125	0.07881943805647279
6.63671875	0.07890980539158016
6.640625	0.07902417645684601
6.64453125	0.07916900597824866
6.6484375	0.07935120585983385
6.65234375	0.07957814518371353
6.65625	0.07985765021006719
6.66015625	0.08019800437714086
6.6640625	0.08060794830124723
6.66796875	0.0810966797767666
6.671875	0.08167385377614528
6.67578125	0.08234958244989715
6.6796875	0.08313028838581821
6.68359375	0.0840056750833309
6.6875	0.08506434912062255
6.69140625	0.08641154524608641
6.6953125	0.08814545568321297
6.69921875	0.09035723013058966
6.703125	0.09313097576190116
6.70703125	0.09654375722592917
6.7109375	0.1006655966465525
6.71484375	0.10555947362274698
6.71875	0.11128132522858591
6.72265625	0.11788004601323931
6.7265625	0.1253974880009745
6.73046875	0.13386846069115566
6.734375	0.1433207310582445
6.73828125	0.1537750235517994
6.7421875	0.16524502009647635
6.74609375	0.1777373600920279
6.75	0.19132204532700814
6.75390625	0.20594925210777082
6.7578125	0.22122900316646166
6.76171875	0.23678416611783626
6.765625	0.25226166327553967
6.76953125	0.2673324716521063
6.7734375	0.28169162295896055
6.77734375	0.2950582036064161
6.78125	0.30717535470367585
6.78515625	0.31781027205883294
6.7890625	0.3267542061788693
6.79296875	0.33382246226965684
6.796875	0.33885440023595725
6.80078125	0.3417134346814208
6.8046875	0.34228703490858825
6.80859375	0.3404867249188892
6.8125	0.3362480834126437
6.81640625	0.32952759486212213
6.8203125	0.3202943622269787
6.82421875	0.3088996351750184
6.828125	0.29578688523462493
6.83203125	0.2813676089559036
6.8359375	0.266021327910681
6.83984375	0.25009558869250514
6.84375	0.233905962916645
6.84765625	0.21773604722009077
6.8515625	0.20183746326155416
6.85546875	0.1864298577214678
6.859375	0.1717009023019861
6.86328125	0.15780629372698396
6.8671875	0.14486975374205813
6.87109375	0.1329830291145263
6.875	0.12220589163342777
6.87890625	0.11256613810952265
6.8828125	0.10405959037529244
6.88671875	0.09665009528493995
6.890625	0.09026952471438932
6.89453125	0.08481777556128595
6.8984375	0.08016276974499592
6.90234375	0.07621740064108912
6.90625	0.07296862526105863
6.91015625	0.06990354915877034
6.9140625	0.06645050871838687
6.91796875	0.0620259596022078
6.921875	0.05603447675066864
6.92578125	0.04786875438234195
6.9296875	0.03690960599393639
6.93359375	0.022525964360297523
6.9375	0.004074881534407104
6.94140625	-0.019002439902474966
6.9453125	-0.04461852392571364
6.94921875	-0.06836788760997314
6.953125	-0.08576636979143437
6.95703125	-0.09230848689491061
6.9609375	-0.08346743293384778
6.96484375	-0.05469507951032404
6.96875	-0.0014219758150499362
6.97265625	0.08103501286424841
6.9765625	0.19618706303307631
6.98046875	0.33881557888358427
6.984375	0.5000379656676011
6.98828125	0.6687876873039552
6.9921875	0.8318142663784734
6.99609375	0.973683284143983
7.0	1.0767763805203105
7.00390625	1.1212912537895479
7.0078125	1.0913510926995218
7.01171875	0.9974975049969922
7.015625	0.8573388762413224
7.01953125	0.6877158580849346
7.0234375	0.5047013682733081
7.02734375	0.3236005906449806
7.03125	0.15895097513154632
7.03515625	0.024234574266889575
7.0390625	-0.07553221477382827
7.04296875	-0.14179165341866312
7.046875	-0.17694693966831437
7.05078125	-0.18477057929389182
7.0546875	-0.17040438583691564
7.05859375	-0.14035948060931652
7.0625	-0.10251387163714187
7.06640625	-0.06437058569712084
7.0703125	-0.029322757491461238
7.07421875	0.0006741036214317209
7.078125	0.024486165445524233
7.08203125	0.041801272947153634
7.0859375	0.05312894825502912
7.08984375	0.059800390660231295
7.09375	0.06396171582625138
7.09765625	0.06713656534544288
7.1015625	0.06952985560381647
7.10546875	0.07149048733929775
7.109375	0.07330602642616163
7.11328125	0.07520270387503342
7.1171875	0.07734541583288757
7.12109375	0.07983772358304858
7.125	0.08272185354519057
7.12890625	0.08597869727533741
7.1328125	0.0895700773399159
7.13671875	0.09357060476552637
7.140625	0.09803154240933593
7.14453125	0.10299580810908915
7.1484375	0.10850111353614511
7.15234375	0.114579964195477
7.15625	0.12125965942567207
7.16015625	0.12856229239893158
7.1640625	0.13650475012107155
7.16796875	0.1450987134315216
7.171875	0.15435065700332595
7.17578125	0.1642618493431427
7.1796875	0.1748283527912443
7.18359375	0.18604102352151763
7.1875	0.1978855115414634
7.19140625	0.21035799931341348
7.1953125	0.22356270108656529
7.19921875	0.23741159069839168
7.203125	0.25176840820058777
7.20703125	0.2665001568358266
7.2109375	0.28147710303775986
7.21484375	0.2965727764310173
7.21875	0.31166396983120714
7.22265625	0.3266307392449158
7.2265625	0.3413564038697078
7.23046875	0.3557275460941264
7.234375	0.3696340114976928
7.23828125	0.3829689088509065
7.2421875	0.39562861011524575
7.24609375	0.40751275044316637
7.25	0.418524228178103
7.25390625	0.42856920485446826
7.2578125	0.43755710519765345
7.26171875	0.44540061712402756
7.265625	0.4520156917409387
7.26953125	0.4573215433467127
7.2734375	0.46124064943065346
7.27734375	0.4636987506730439
7.28125	0.4646248509451445
7.28515625	0.46395121730919453
7.2890625	0.4616129215152941
7.29296875	0.4575260529207238
7.296875	0.45175935354303265
7.30078125	0.4444508074141571
7.3046875	0.4357355281633165
7.30859375	0.42574575901701317
7.3125	0.41461087279903297
7.31640625	0.4024573719304446
7.3203125	0.38940888842959975
7.32421875	0.3755861839121334
7.328125	0.36110714959096335
7.33203125	0.34608680627629074
7.3359375	0.3306373043755998
7.33984375	0.3148679238936575
7.34375	0.2988850744325141
7.34765625	0.2827922951915034
7.3515625	0.2666902549672414
7.35546875	0.25067675215362806
7.359375	0.2348467147418457
7.36328125	0.21929220032036023
7.3671875	0.2041023960749203
7.37109375	0.189363618788558
7.375	0.1751593148415882
7.37890625	0.1615700602116089
7.3828125	0.14867356047350144
7.38671875	0.1365446507994298
7.390625	0.12524133768613122
7.39453125	0.11475041899577043
7.3984375	0.10504015722694104
7.40234375	0.09607912354356019
7.40625	0.08783604022067026
7.41015625	0.0802797806444393
7.4140625	0.07337936931216094
7.41796875	0.06710398183225413
7.421875	0.06142294492426331
7.42578125	0.05630573641885861
7.4296875	0.051721985257835335
7.43359375	0.04764147149411452
7.4375	0.04403412629174264
7.44140625	0.04087003192589145
7.4453125	0.03811942178285865
7.44921875	0.03575268036006679
7.453125	0.033740343266064565
7.45703125	0.032053097220525684
7.4609375	0.030661780054249632
7.46484375	0.02953738070916112
7.46875	0.028651039238310583
7.47265625	0.027974046805873898
7.4765625	0.02747784568715228
7.48046875	0.02713402926857239
7.484375	0.02691434204768678
7.48828125	0.02679067963317322
7.4921875	0.02673534570836722
7.49609375	0.026741651640003805
7.5	0.026810351019929568
7.50390625	0.02693517903061654
7.5078125	0.027110192910199282
7.51171875	0.027329771952474824
7.515625	0.027588617506903224
7.51953125	0.027881752978606955
7.5234375	0.028204523828371297
7.52734375	0.028552597572644
7.53125	0.02892196378353551
7.53515625	0.029308934088819072
7.5390625	0.02971014217193063
7.54296875	0.03012254377196838
7.546875	0.030543416683693703
7.55078125	0.03097036075753018
7.5546875	0.03140129789956447
7.55859375	0.03183447207154555
7.5625	0.03226844929088529
7.56640625	0.032702117630658
7.5703125	0.03313468721960078
7.57421875	0.03356569024211353
7.578125	0.03399498093825842
7.58203125	0.034422735603760524
7.5859375	0.03484945259000782
7.58984375	0.03527595230405034
7.59375	0.035703377208601395
7.59765625	0.0361331918220365
7.6015625	0.03656718271839415
7.60546875	0.03702042616136764
7.609375	0.03750754324953365
7.61328125	0.038014852656845455
7.6171875	0.038530210353979966
7.62109375	0.03904348084975062
7.625	0.039546537191108955
7.62890625	0.04003326096314297
7.6328125	0.040499542289078205
7.63671875	0.04094327983027779
7.640625	0.04136438078624172
7.64453125	0.04176476089460707
7.6484375	0.04214834443114862
7.65234375	0.04252106420977797
7.65625	0.042890861582544404
7.66015625	0.04326768643963391
7.6640625	0.043663497209370294
7.66796875	0.044092260858214105
7.671875	0.044569952890763376
7.67578125	0.04511455734975345
7.6796875	0.045746066816056585
7.68359375	0.04648648240868286
7.6875	0.04735981378477888
7.69140625	0.04839207913962912
7.6953125	0.04961130520665491
7.69921875	0.05104752725741485
7.703125	0.052732789101605004
7.70703125	0.05466666743289378
7.7109375	0.05685320709862379
7.71484375	0.05946176092969485
7.71875	0.06264972648254935
7.72265625	0.06655238030933525
7.7265625	0.07128287795790511
7.73046875	0.07693225397181674
7.734375	0.0835694218903334
7.73828125	0.09124117424842271
7.7421875	0.09997218257675777
7.74609375	0.10976499740171686
7.75	0.12060004824538284
7.75390625	0.13243564362554416
7.7578125	0.14520797105569405
7.76171875	0.15883109704503084
7.765625	0.173196967098458
7.76953125	0.18817540571658387
7.7734375	0.20361642927547452
7.77734375	0.2193828608147218
7.78125	0.2350825244345568
7.78515625	0.2502684698407145
7.7890625	0.2645401770289957
7.79296875	0.2775435562852675
7.796875	0.2889709481854634
7.80078125	0.2985611235955824
7.8046875	0.3060992836716899
7.80859375	0.3114170598599175
7.8125	0.31439251389646306
7.81640625	0.31495013780758985
7.8203125	0.3130608539096281
7.82421875	0.3087420148089738
7.828125	0.30205740340208875
7.83203125	0.29309597877532245
7.8359375	0.2820653173938097
7.83984375	0.2693767219463663
7.84375	0.25542430515681824
7.84765625	0.24057374321006508
7.8515625	0.22516227575207926
7.85546875	0.20949870588990616
7.859375	0.19386340019166526
7.86328125	0.17850828868654844
7.8671875	0.16365686486482123
7.87109375	0.1495041856778223
7.875	0.13621687153796347
7.87890625	0.12393310631872967
7.8828125	0.11276263735467962
7.88671875	0.10280901845977453
7.890625	0.09502897731263804
7.89453125	0.08932973241249409
7.8984375	0.08497780816067646
7.90234375	0.08131902852098966
7.90625	0.07777851701970817
7.91015625	0.0738606967455776
7.9140625	0.06914929034981326
7.91796875	0.06330732004610118
7.921875	0.05607710761059792
7.92578125	0.04728027438193011
7.9296875	0.036817741261195025
7.93359375	0.024669728711960215
7.9375	0.010895756760263775
7.94140625	-0.004365355005385763
7.9453125	-0.020895487434009707
7.94921875	-0.038397221812158655
7.953125	-0.0564938398639131
7.95703125	-0.07472932375088287
7.9609375	-0.09039865976790323
7.96484375	-0.07609024082966853
7.96875	-0.02998463406695545
7.97265625	0.04020516167068555
7.9765625	0.12723719604446593
7.98046875	0.2243405672263581
7.984375	0.3252154218990959
7.98828125	0.42403295525617546
7.9921875	0.5154354110018535
7.99609375	0.5945360813511484
8.0	0.6569193070298397
8.00390625	0.6986404772744698
8.0078125	0.7162260298323403
8.01171875	0.7066734509615168
8.015625	0.6674512754308236
8.01953125	0.5964990865198498
8.0234375	0.4922275160189423
8.02734375	0.35351824422921285
8.03125	0.18066371347110233
8.03515625	0.009200274093571437
8.0390625	-0.13711327003358492
8.04296875	-0.2527772501923366
8.046875	-0.33490032301946293
8.05078125	-0.3831994705065518
8.0546875	-0.4
8.05859375	-0.3902355442010133
8.0625	-0.3614480611656066
8.06640625	-0.32365436235585643
8.0703125	-0.28462096943204246
8.07421875	-0.24767653879299945
8.078125	-0.21520081453147646
8.08203125	-0.18870298269395427
8.0859375	-0.16882167128064524
8.08984375	-0.15532495024549361
8.09375	-0.14711033149617514
8.09765625	-0.14220476889409744
8.1015625	-0.13808862868887833
8.10546875	-0.13440366175789975
8.109375	-0.1310645018543522
8.11328125	-0.1278533972687111
8.1171875	-0.12458725814835786
8.12109375	-0.1211176564975796
8.125	-0.11733082617756935
8.12890625	-0.11314766290642586
8.1328125	-0.10852372425915385
8.13671875	-0.10344922966766384
8.140625	-0.09794842220571892
8.14453125	-0.09202183896211125
8.1484375	-0.08560350756387958
8.15234375	-0.07863240548070599
8.15625	-0.07105731318716008
8.16015625	-0.06283681416269898
8.1640625	-0.05393929489166743
8.16796875	-0.04434294486329776
8.171875	-0.034035756571709874
8.17578125	-0.023015525515911184
8.1796875	-0.01128985019979667
8.18359375	0.0011238678678510139
8.1875	0.014198424173361701
8.19140625	0.027896811198177718
8.1953125	0.04217221841885377
8.19921875	0.056968032307056826
8.203125	0.07221783632956646
8.20703125	0.08784541094827486
8.2109375	0.10376473362018623
8.21484375	0.11987997879741741
8.21875	0.1360855179271977
8.22265625	0.1522921591898505
8.2265625	0.16841506520119354
8.23046875	0.18427511338426583
8.234375	0.19969979258105586
8.23828125	0.2145281114125509
8.2421875	0.2286105982787372
8.24609375	0.2418093013585999
8.25	0.253997788610123
8.25390625	0.2650611477702892
8.2578125	0.2748959863550806
8.26171875	0.2834104316594781
8.265625	0.29052413075746086
8.26953125	0.2961682505020078
8.2734375	0.30028547752509605
8.27734375	0.30283001823770206
8.28125	0.3037675988298013
8.28515625	0.30307546527036744
8.2890625	0.30074223756031615
8.29296875	0.29675386176072216
8.296875	0.2911794766138366
8.30078125	0.28413117576862423
8.3046875	0.27572302966906925
8.30859375	0.266071085554175
8.3125	0.25529336745796394
8.31640625	0.24350987620947773
8.3203125	0.2308425894327769
8.32421875	0.2174154615469417
8.328125	0.20335442376607094
8.33203125	0.18878738409928275
8.3359375	0.17384422735071492
8.33984375	0.15865681511952368
8.34375	0.14335898579988482
8.34765625	0.12808655458099316
8.3515625	0.11297731344706285
8.35546875	0.09817103117732678
8.359375	0.08380495630385387
8.36328125	0.06995623121775235
8.3671875	0.056677011475388395
8.37109375	0.04401624168106222
8.375	0.03201558647774522
8.37890625	0.02070943054708063
8.3828125	0.010124878609383103
8.38671875	0.0002817554236385633
8.390625	-0.008807394212495379
8.39453125	-0.01713730546268938
8.3984375	-0.024709993451942913
8.40234375	-0.03153475326658367
8.40625	-0.03762815995426799
8.41015625	-0.04301406852398065
8.4140625	-0.04772361394603475
8.41796875	-0.051795211152072196
8.421875	-0.05527455503506312
8.42578125	-0.058214620449306254
8.4296875	-0.06067566221042853
8.43359375	-0.06270911447229854
8.4375	-0.06433064140758477
8.44140625	-0.06557591642940963
8.4453125	-0.06648019836902536
8.44921875	-0.06707694762163424
8.453125	-0.06739782614638895
8.45703125	-0.06747269746639217
8.4609375	-0.06732962666869702
8.46484375	-0.06699488040430673
8.46875	-0.06649292688817465
8.47265625	-0.06584643589920458
8.4765625	-0.06507627878025024
8.48046875	-0.06420152843811577
8.484375	-0.06323945934355552
8.48828125	-0.06220554753127394
8.4921875	-0.06111347059992578
8.49609375	-0.059975107712116005
8.5	-0.05880053959439974
8.50390625	-0.05759804853728234
8.5078125	-0.056374118395219386
8.51171875	-0.05513343458661668
8.515625	-0.05387888409383029
8.51953125	-0.052611555463166315
8.5234375	-0.051330738804881315
8.52734375	-0.05003392579318183
8.53125	-0.0487173528091604
8.53515625	-0.0473823570251834
8.5390625	-0.04603375424752226
8.54296875	-0.04467602496886747
8.546875	-0.04331326480457598
8.55078125	-0.04194918449267121
8.5546875	-0.0405871098938429
8.55859375	-0.03922998199144723
8.5625	-0.037880356891506595
8.56640625	-0.0365404058227099
8.5703125	-0.035211915136412586
8.57421875	-0.03389628630663616
8.578125	-0.032594535930068835
8.58203125	-0.031307295726065054
8.5859375	-0.03003481253664575
8.58984375	-0.028776948326497798
8.59375	-0.027533180182975237
8.59765625	-0.02630260031609799
8.6015625	-0.02508391605855237
8.60546875	-0.02387544986569118
8.609375	-0.022675139315533555
8.61328125	-0.021480537108765296
8.6171875	-0.020288811068738033
8.62109375	-0.01909674414147039
8.625	-0.017900734395647044
8.62890625	-0.01669679502261906
8.6328125	-0.01548055433640394
8.63671875	-0.014247255773685685
8.640625	-0.012991757893814515
8.64453125	-0.01170853437880709
8.6484375	-0.01039167403334651
8.65234375	-0.009034880784782262
8.65625	-0.007631473683130108
8.66015625	-0.006174386901072415
8.6640625	-0.004656169733957605
8.66796875	-0.0030689865998009824
8.671875	-0.001429587421507894
8.67578125	0.00017596407988390572
8.6796875	0.0018653226731676908
8.68359375	0.003775913461802227
8.6875	0.006033831166152526
8.69140625	0.00875384012349023
8.6953125	0.012039374287993676
8.69921875	0.015982537230747496
8.703125	0.020664102139742735
8.70703125	0.02615351181987713
8.7109375	0.032508878692955046
8.71484375	0.03977698479768693
8.71875	0.04799328178969009
8.72265625	0.057181890941488345
8.7265625	0.06735560314251177
8.73046875	0.07851587889909706
8.734375	0.0906528483344875
8.73828125	0.1037453111888329
8.7421875	0.11776073681918942
8.74609375	0.13265526419951967
8.75	0.14837640535933705
8.75390625	0.16474924835358729
8.7578125	0.18132803624321925
8.76171875	0.19766939179476917
8.765625	0.21336788911656568
8.76953125	0.22805605365872883
8.7734375	0.2414043622131712
8.77734375	0.2531212429135965
8.78125	0.2629530752355008
8.78515625	0.27068418999617205
8.7890625	0.27613686935468995
8.79296875	0.279171346811926
8.796875	0.2796858072105438
8.80078125	0.2776163867349988
8.8046875	0.272933656075543
8.80859375	0.265681103014328
8.8125	0.25621637648966944
8.81640625	0.24494421327619564
8.8203125	0.23224749681045354
8.82421875	0.21848725719090845
8.828125	0.20400267117794457
8.83203125	0.18911106219386442
8.8359375	0.17410790032288936
8.83984375	0.1592668023111592
8.84375	0.14483953156673202
8.84765625	0.13105599815958524
8.8515625	0.11812425882161404
8.85546875	0.10623051694663266
8.859375	0.09553557532559881
8.86328125	0.08593863114154171
8.8671875	0.07743072191406902
8.87109375	0.07009703277363455
8.875	0.06395033724370419
8.87890625	0.05893099724075629
8.8828125	0.054906963074280946
8.88671875	0.051673773446780646
8.890625	0.04895455545376981
8.89453125	0.046400024583775124
8.8984375	0.04358848471833554
8.90234375	0.040025828132001895
8.90625	0.03514553549233712
8.91015625	0.028308675859916643
8.9140625	0.018803906688327765
8.91796875	0.005847473824169891
8.921875	-0.011416788492945362
8.92578125	-0.033805717566979254
8.9296875	-0.05885113477749171
8.93359375	-0.080498984200993
8.9375	-0.09292817625990402
8.94140625	-0.090770197070974
8.9453125	-0.06910910844527934
8.94921875	-0.02348154788822482
8.953125	0.050123271400457525
8.95703125	0.15528480397128375
8.9609375	0.2970030175077476
8.96484375	0.46376522331069825
8.96875	0.6368380851598373
8.97265625	0.7986776103770624
8.9765625	0.9329291498264668
8.98046875	1.0244273979143412
8.984375	1.0591963925891723
8.98828125	1.0244495153416415
8.9921875	0.9181500519481588
8.99609375	0.763924512769493
9.0	0.5847920726480186
9.00390625	0.4000360375035005
9.0078125	0.2252088163806213
9.01171875	0.07213192144898134
9.015625	-0.05110403199690111
9.01953125	-0.13993777237270305
9.0234375	-0.19132588098939987
9.02734375	-0.2113694282566671
9.03125	-0.20794429923523958
9.03515625	-0.18803090412437046
9.0390625	-0.15771417826183096
9.04296875	-0.12218358212391034
9.046875	-0.085733101325416
9.05078125	-0.05176124661967285
9.0546875	-0.022771053898524962
9.05859375	-0.00037008419233364176
9.0625	0.015025273727710675
9.06640625	0.025582824265128035
9.0703125	0.03275840308489841
9.07421875	0.03760701735592309
9.078125	0.0410133145432362
9.08203125	0.04369158240800475
9.0859375	0.04618574900752853
9.08984375	0.04886938269524027
9.09375	0.05194569212070538
9.09765625	0.05544752622962201
9.1015625	0.05923737426382153
9.10546875	0.0631773761684728
9.109375	0.06747116758487082
9.11328125	0.07217219792178381
9.1171875	0.07732138710931463
9.12109375	0.08295623133137559
9.125	0.08911080302568836
9.12890625	0.09581575088378419
9.1328125	0.10309829985100383
9.13671875	0.11098225112649696
9.140625	0.1194879821632231
9.14453125	0.12863244666795115
9.1484375	0.13842917460125914
9.15234375	0.14888827217753486
9.15625	0.16001642186497533
9.16015625	0.17183545136179035
9.1640625	0.18436111331657645
9.16796875	0.19753544192442518
9.171875	0.21129342733562273
9.17578125	0.22556554984410315
9.1796875	0.24027777988744903
9.18359375	0.25535157804689124
9.1875	0.2707038950473092
9.19140625	0.28624717175723
9.1953125	0.30188933918883
9.19921875	0.31753381849793316
9.203125	0.3330795209840124
9.20703125	0.34842084809018836
9.2109375	0.3634476914032305
9.21484375	0.37804543265355617
9.21875	0.3920949437152317
9.22265625	0.4054725866059712
9.2265625	0.4180502134871372
9.23046875	0.4296951666637411
9.234375	0.44027027858444157
9.23828125	0.4496338718415467
9.2421875	0.45763975917101274
9.24609375	0.46415616339174104
9.25	0.4691397351516319
9.25390625	0.4725711226028386
9.2578125	0.47444083440306406
9.26171875	0.4747499426606514
9.265625	0.47351008293458596
9.26953125	0.4707434542344945
9.2734375	0.4664828190206455
9.27734375	0.46077150320394933
9.28125	0.4536633961459575
9.28515625	0.4452229506588634
9.2890625	0.43552518300550236
9.29296875	0.4246556728993506
9.296875	0.4127105635045266
9.30078125	0.39979656143579034
9.3046875	0.38603093675854316
9.30859375	0.37154152298882837
9.3125	0.35646671709333055
9.31640625	0.3409554794893762
9.3203125	0.3251673340449335
9.32421875	0.309272368078612
9.328125	0.293451232359663
9.33203125	0.27784886243115425
9.3359375	0.26250143252453917
9.33984375	0.24749292531646916
9.34375	0.23290233903094149
9.34765625	0.21880035686466948
9.3515625	0.20524934698708108
9.35546875	0.19230336254031954
9.359375	0.1800081416392435
9.36328125	0.16840110737142677
9.3671875	0.15751136779715813
9.37109375	0.14735971594944197
9.375	0.13795862983399754
9.37890625	0.1293122724292597
9.3828125	0.12141649168637803
9.38671875	0.11425882052921799
9.390625	0.10781847685435952
9.39453125	0.10206636353109833
9.3984375	0.09696506840144503
9.40234375	0.09246886428012568
9.40625	0.08852370895458139
9.41015625	0.08506724518496855
9.4140625	0.08206944839220381
9.41796875	0.07951914407743893
9.421875	0.07737716610439221
9.42578125	0.07560625882645
9.4296875	0.07417107714959559
9.43359375	0.07303818653240984
9.4375	0.07217606298607054
9.44140625	0.07155509307435248
9.4453125	0.07114757391362786
9.44921875	0.07092771317286595
9.453125	0.07087162907363309
9.45703125	0.07095735039009288
9.4609375	0.07116481644900596
9.46484375	0.07147587712973025
9.46875	0.07187429286422076
9.47265625	0.07234573463702959
9.4765625	0.0728777839853062
9.48046875	0.07345993299879683
9.484375	0.07408358431984541
9.48828125	0.07474205114339244
9.4921875	0.075430557216976
9.49609375	0.07614623684073113
9.5	0.0768854890601855
9.50390625	0.07763708080796072
9.5078125	0.07839820058619368
9.51171875	0.07916717700658304
9.515625	0.07994243505894832
9.51953125	0.08072249611122961
9.5234375	0.08150597790948771
9.52734375	0.08229159457790458
9.53125	0.0830781566187826
9.53515625	0.08386457091254518
9.5390625	0.08464984071773646
9.54296875	0.08543306567102132
9.546875	0.08621344178718543
9.55078125	0.0869902614591353
9.5546875	0.08776291345789822
9.55859375	0.08853088293262218
9.5625	0.08929375141057622
9.56640625	0.09005119679714968
9.5703125	0.09080299337585335
9.57421875	0.09154901180831815
9.578125	0.09228921913429622
9.58203125	0.09302367877166029
9.5859375	0.09375255051640408
9.58984375	0.094476090542642
9.59375	0.09519465140260897
9.59765625	0.0959086820266612
9.6015625	0.0966187277232754
9.60546875	0.09732543017904899
9.609375	0.09802952745870042
9.61328125	0.09873185400506862
9.6171875	0.09943334063911374
9.62109375	0.10013501455991636
9.625	0.10083799934467796
9.62890625	0.10154351494872094
9.6328125	0.10225266918351028
9.63671875	0.10295275889594657
9.640625	0.10364457026735807
9.64453125	0.1043436607772763
9.6484375	0.1050694052915584
9.65234375	0.10584499606238496
9.65625	0.10669744272826165
9.66015625	0.10765757231401862
9.6640625	0.10876002923081074
9.66796875	0.1100432752761169
9.671875	0.11154958963374062
9.67578125	0.11332506887381044
9.6796875	0.11541962695277874
9.68359375	0.11788699521342283
9.6875	0.1207847223848445
9.69140625	0.12417417458247015
9.6953125	0.12812053530805012
9.69921875	0.13269280544966
9.703125	0.13796380328169944
9.70703125	0.1440101644648929
9.7109375	0.150912342046289
9.71484375	0.15875460645926132
9.71875	0.16762504552350743
9.72265625	0.1776155644450501
9.7265625	0.1888261293794512
9.73046875	0.2013362132352392
9.734375	0.2149528658935146
9.73828125	0.2294232496077382
9.7421875	0.24449312470114304
9.74609375	0.25990684956673304
9.75	0.27540738066728354
9.75390625	0.29073627253534184
9.7578125	0.30563367777322636
9.76171875	0.31983834705302694
9.765625	0.33308762911660506
9.76953125	0.3451174707755935
9.7734375	0.3556624169113969
9.77734375	0.3644556104751906
9.78125	0.37122879248792195
9.78515625	0.3757123020403098
9.7890625	0.3776350762928443
9.79296875	0.376728935554032
9.796875	0.37301157724077194
9.80078125	0.36679497525174887
9.8046875	0.3583937256834766
9.80859375	0.34811479561273573
9.8125	0.33625752309657386
9.81640625	0.3231136171723048
9.8203125	0.3089671578575094
9.82421875	0.29409459615003464
9.828125	0.2787647540279943
9.83203125	0.2632388244497691
9.8359375	0.24777037135400615
9.83984375	0.232605329659619
9.84375	0.21798200526578815
9.84765625	0.2041310750519605
9.8515625	0.19127558687784962
9.85546875	0.17963001696854874
9.859375	0.16899981352648152
9.86328125	0.15931195094856387
9.8671875	0.15077748806182711
9.87109375	0.14351363201940537
9.875	0.13754373830053557
9.87890625	0.13279731071055756
9.8828125	0.129110001380914
9.88671875	0.12622361076915034
9.890625	0.12378608765891508
9.89453125	0.12135152915995906
9.8984375	0.1183801807081366
9.90234375	0.11423843606540462
9.90625	0.1081988373198226
9.91015625	0.09944007488555306
9.9140625	0.0870469875028616
9.91796875	0.07004308853924035
9.921875	0.04866119708545935
9.92578125	0.024808427173510894
9.9296875	0.0012622123381865746
9.93359375	-0.018354039770294317
9.9375	-0.029570947386285185
9.94140625	-0.02707315462871157
9.9453125	-0.004706620063728628
9.94921875	0.04178524060673394
9.953125	0.11713511302126456
9.95703125	0.22444316813090792
9.9609375	0.3620184213190589
9.96484375	0.5233787324014636
9.96875	0.697250805626218
9.97265625	0.8675701896737694
9.9765625	1.013480660446791
9.98046875	1.1133471750161208
9.984375	1.1541164745407158
9.98828125	1.1303831916949143
9.9921875	1.0440017363576506
9.99609375	0.9040862956124515
10.0	0.7270108337474382
10.00390625	0.53640837040857
10.0078125	0.3545102605455568
10.01171875	0.19125636299685222
10.015625	0.054677745220586826
10.01953125	-0.05022743673360208
10.0234375	-0.12149393822457033
10.02734375	-0.1601894260196672
10.03125	-0.170414478294736
10.03515625	-0.15853790126954043
10.0390625	-0.13055624650625874
10.04296875	-0.0938306752267104
10.046875	-0.054482823991990836
10.05078125	-0.017149087597338353
10.0546875	0.015019380927865034
10.05859375	0.04035667032009421
10.0625	0.058682111081680366
10.06640625	0.07130027548081169
10.0703125	0.08018493034687663
10.07421875	0.08622104409419284
10.078125	0.09024990202077532
10.08203125	0.0929896689165367
10.0859375	0.0950336757871787
10.08984375	0.0968504198541924
10.09375	0.0987835645548586
10.09765625	0.10105193954224723
10.1015625	0.10374954068521791
10.10546875	0.10684553006841935
10.109375	0.11018605562963268
10.11328125	0.11377961000722747
10.1171875	0.11776257916004018
10.12109375	0.12217540793560511
10.125	0.12705516499456238
10.12890625	0.13243554281065828
10.1328125	0.13834685767074506
10.13671875	0.1448160496747809
10.140625	0.15186668273582993
10.14453125	0.15951894458006255
10.1484375	0.16778964674675478
10.15234375	0.17669222458828904
10.15625	0.18623673727015322
10.16015625	0.19642986777094174
10.1640625	0.20728367213895083
10.16796875	0.21889424596502538
10.171875	0.23122273048714403
10.17578125	0.24418482842606037
10.1796875	0.25769502094046515
10.18359375	0.2716665676269865
10.1875	0.2860115065201888
10.19140625	0.300640654092574
10.1953125	0.31546360525458095
10.19921875	0.33038873335458574
10.203125	0.34532319017890056
10.20703125	0.360172905951776
10.2109375	0.3748425893353984
10.21484375	0.38923572742989176
10.21875	0.4032545857733173
10.22265625	0.41680020834167253
10.2265625	0.4297724175488926
10.23046875	0.4420698142468492
10.234375	0.45358977772535136
10.23828125	0.46422846571214504
10.2421875	0.4738808143729134
10.24609375	0.4824405383112763
10.25	0.48980013056879046
10.25390625	0.49585086262495015
10.2578125	0.5004827843971863
10.26171875	0.5035847242408666
10.265625	0.5050417360266627
10.26953125	0.5047566197412676
10.2734375	0.502785663315858
10.27734375	0.49921632151526385
10.28125	0.494137247022594
10.28515625	0.4876382904392367
10.2890625	0.4798105002848586
10.29296875	0.47074612299740604
10.296875	0.4605386029331039
10.30078125	0.44928258236645624
10.3046875	0.4370739014902463
10.30859375	0.42400959841553587
10.3125	0.41018790917166637
10.31640625	0.39570826770625744
10.3203125	0.3806713058852087
10.32421875	0.36517885349269796
10.328125	0.3493339382311824
10.33203125	0.33324078572139837
10.3359375	0.3170048195023608
10.33984375	0.30073266103136376
10.34375	0.284532129683981
10.34765625	0.26851224275406427
10.3515625	0.2527832154537447
10.35546875	0.23745646091343275
10.359375	0.2226445901818177
10.36328125	0.20846141222586767
10.3671875	0.19501847590532306
10.37109375	0.1823353586879024
10.375	0.17039143039783888
10.37890625	0.15917721341485647
10.3828125	0.14868168114741298
10.38671875	0.1388922580326999
10.390625	0.12979481953664285
10.39453125	0.12137369215390126
10.3984375	0.11361165340786838
10.40234375	0.10648993185067135
10.40625	0.09998820706317135
10.41015625	0.09408460965496301
10.4140625	0.08875572126437536
10.41796875	0.0839765745584709
10.421875	0.07972065323304628
10.42578125	0.07595989201263192
10.4296875	0.07266467665049209
10.43359375	0.06980384392862493
10.4375	0.06734468165776253
10.44140625	0.06525292867737076
10.4453125	0.06349277485564947
10.44921875	0.06202686108953248
10.453125	0.060816279304687026
10.45703125	0.05982057245551481
10.4609375	0.05899773452515117
10.46484375	0.05830604019042912
10.46875	0.05774183014168072
10.47265625	0.057300904867159885
10.4765625	0.05697040674412168
10.48046875	0.0567381736180288
10.484375	0.05659273880255172
10.48828125	0.056523331079568806
10.4921875	0.05651987469916614
10.49609375	0.05657298937963762
10.5	0.056673990307485045
10.50390625	0.056814888137417974
10.5078125	0.05698838899235348
10.51171875	0.05718789446341693
10.515625	0.05740750160994107
10.51953125	0.057642002959466754
10.5234375	0.057886886507742374
10.52734375	0.058138335718724454
10.53125	0.05839322952457687
10.53515625	0.058649142325671644
10.5390625	0.05890434399058847
10.54296875	0.05915779985611502
10.546875	0.05940917072724644
10.55078125	0.05965881287718583
10.5546875	0.05990777804734421
10.55859375	0.060157813447340225
10.5625	0.06041136175500045
10.56640625	0.06067211326618682
10.5703125	0.06094109923503954
10.57421875	0.06121478182791745
10.578125	0.061489903323100004
10.58203125	0.0617636219656838
10.5859375	0.06203351196758217
10.58984375	0.06229756350752591
10.59375	0.06255418273106328
10.59765625	0.06280219175055901
10.6015625	0.06304082864519545
10.60546875	0.06326974746097203
10.609375	0.0634890182107053
10.61328125	0.06369912687402884
10.6171875	0.06390097539739353
10.62109375	0.06409588169406755
10.625	0.06428557964413578
10.62890625	0.06447221909450085
10.6328125	0.0646583658588819
10.63671875	0.06484700171781577
10.640625	0.06504152441865613
10.64453125	0.0652457476755739
10.6484375	0.06546390116955725
10.65234375	0.06570063054841141
10.65625	0.0659609974267587
10.66015625	0.06625047938603879
10.6640625	0.06657496997450824
10.66796875	0.06694077870724086
10.671875	0.06735463106612782
10.67578125	0.06782364450470613
10.6796875	0.06834027598768216
10.68359375	0.06893372474397513
10.6875	0.06966290801954872
10.69140625	0.07058758375150237
10.6953125	0.07176835056807013
10.69921875	0.07326664778862102
10.703125	0.07514475542365934
10.70703125	0.07746579417482419
10.7109375	0.08029372543488944
10.71484375	0.08369335128776445
10.71875	0.08773031450849328
10.72265625	0.09247109856325475
10.7265625	0.09798302760936345
10.73046875	0.10433426649526789
10.734375	0.11159382076055258
10.73828125	0.11983153663593626
10.7421875	0.12911810104327326
10.74609375	0.13952611053713038
10.75	0.15121884792304952
10.75390625	0.1640976445584802
10.7578125	0.17790872980435601
10.76171875	0.19240002780978938
10.765625	0.20732115751207214
10.76953125	0.2224234326366743
10.7734375	0.2374598616972452
10.77734375	0.2521851479956132
10.78125	0.266355689621785
10.78515625	0.27972957945394705
10.7890625	0.29206660515846394
10.79296875	0.30312824918987946
10.796875	0.3126776887909163
10.80078125	0.32047979599247634
10.8046875	0.32630113761363977
10.80859375	0.3299099752616663
10.8125	0.33107626533199397
10.81640625	0.3295713176002306
10.8203125	0.3252759924062626
10.82421875	0.31845992862482264
10.828125	0.30946321160193035
10.83203125	0.29861293154881563
10.8359375	0.2862231835419198
10.83984375	0.2725950675228943
10.84375	0.2580166882986018
10.84765625	0.24276315554111538
10.8515625	0.2270965837877188
10.85546875	0.21126609244090677
10.859375	0.1955078057683849
10.86328125	0.18004485290306893
10.8671875	0.16508736784308586
10.87109375	0.15083248945177352
10.875	0.1374643614576797
10.87890625	0.12515413245456386
10.8828125	0.11405839960515063
10.88671875	0.10415186674964261
10.890625	0.09537409131619395
10.89453125	0.08770823832104763
10.8984375	0.08109104574781129
10.90234375	0.0754128245474559
10.90625	0.07051745863831704
10.91015625	0.06620240490609375
10.9140625	0.06221869320384965
10.91796875	0.0582709263520117
10.921875	0.054017280138371204
10.92578125	0.049069503318083574
10.9296875	0.042992917613667914
10.93359375	0.03530641771500753
10.9375	0.025482471279349495
10.94140625	0.01294711893130518
10.9453125	-0.0029200257371503335
10.94921875	-0.022785776166677707
10.953125	-0.047101413371541334
10.95703125	-0.0723297704314827
10.9609375	-0.09236601222267271
10.96484375	-0.10166332881143542
10.96875	-0.0952806265925164
10.97265625	-0.06888252828908215
10.9765625	-0.01873937295272049
10.98046875	0.058272784036559444
10.984375	0.16467217097032727
10.98828125	0.30256177571033194
10.9921875	0.4652144446760478
10.99609375	0.6374854978020569
11.0	0.8039227769931626
11.00390625	0.9489358459230169
11.0078125	1.0567959900341215
11.01171875	1.111636216537824
11.015625	1.0977143771230313
11.01953125	1.0140146365031524
11.0234375	0.879022294442776
11.02734375	0.7113183587407906
11.03125	0.5282185995347267
11.03515625	0.34577354930075843
11.0390625	0.1787685028537025
11.04296875	0.040624181459370745
11.046875	-0.062458845529535345
11.05078125	-0.13144852866944107
11.0546875	-0.16850734137566103
11.05859375	-0.1774033062170622
11.0625	-0.16350999491606483
11.06640625	-0.13380652834864115
11.0703125	-0.09668321994726453
11.07421875	-0.05863074010996089
11.078125	-0.02323939713459028
11.08203125	0.007019838328051531
11.0859375	0.030735867301973918
11.08984375	0.04755746248599141
11.09375	0.058193268253723396
11.09765625	0.06441180065359453
11.1015625	0.06870990175762176
11.10546875	0.07181489368127936
11.109375	0.0741001544011135
11.11328125	0.0759626611852719
11.1171875	0.07772106416336882
11.12109375	0.07961568632648541
11.125	0.081808523527169
11.12890625	0.08438324447943374
11.1328125	0.08734519075876052
11.13671875	0.09063042128045978
11.140625	0.09428046103790311
11.14453125	0.09836614011951994
11.1484375	0.10293220710552242
11.15234375	0.10801863872200879
11.15625	0.11366063984096453
11.16015625	0.11988864348026118
11.1640625	0.12672831080365732
11.16796875	0.13420053112079777
11.171875	0.14232142188721442
11.17578125	0.15110232870432516
11.1796875	0.1605498253194353
11.18359375	0.17066571362573602
11.1875	0.18144702366230558
11.19140625	0.19288601361410884
11.1953125	0.2049933447944191
11.19921875	0.21777237205798017
11.203125	0.23113696380650406
11.20703125	0.2449954444004343
11.2109375	0.259253767671741
11.21484375	0.27381551692392225
11.21875	0.28858190493200286
11.22265625	0.3034517739425354
11.2265625	0.3183215956735995
11.23046875	0.33308547131480215
11.234375	0.34763513152727754
11.23828125	0.3618599364436874
11.2421875	0.3756468756682203
11.24609375	0.3888805682765927
11.25	0.40144326281604814
11.25390625	0.41321483730535713
11.2578125	0.42407279923481767
11.26171875	0.43389228556625514
11.265625	0.44254606273302266
11.26953125	0.4499045266399997
11.2734375	0.45583570266359374
11.27734375	0.46021232449057603
11.28125	0.46298489290743094
11.28515625	0.4641553595219965
11.2890625	0.4637352771983144
11.29296875	0.4617456871531378
11.296875	0.4582171189559302
11.30078125	0.45318959052886687
11.3046875	0.44671260814683333
11.30859375	0.4388451664374271
11.3125	0.4296557483809562
11.31640625	0.4192223253104399
11.3203125	0.40763235691160893
11.32421875	0.39498279122290425
11.328125	0.3813800646354787
11.33203125	0.3669401018931956
11.3359375	0.3517883160926303
11.33984375	0.33605960868306817
11.34375	0.3198983694665063
11.34765625	0.30345847659765257
11.3515625	0.2869032965839262
11.35546875	0.2704056842854575
11.359375	0.2541372515317881
11.36328125	0.23816003237972616
11.3671875	0.2225427167627031
11.37109375	0.20736193817630078
11.375	0.19268621377568795
11.37890625	0.17857594437562108
11.3828125	0.16508341445044394
11.38671875	0.1522527921340877
11.390625	0.1401201292200711
11.39453125	0.1287133611615
11.3984375	0.11805230707106784
11.40234375	0.1081486697210553
11.40625	0.09900603554333082
11.41015625	0.09061987462934995
11.4140625	0.08297754073015551
11.41796875	0.0760582712563781
11.421875	0.0698331872782354
11.42578125	0.06426529352553284
11.4296875	0.05930947838766293
11.43359375	0.05491251391360569
11.4375	0.05101305581192839
11.44140625	0.047560578465079495
11.4453125	0.044551774563201973
11.44921875	0.0419508026568689
11.453125	0.039720817319466195
11.45703125	0.03782684717595852
11.4609375	0.03623579490288975
11.46484375	0.03491643722838239
11.46875	0.033839424932138096
11.47265625	0.032977282845437494
11.4765625	0.03230440985113975
11.48046875	0.03179707888368344
11.484375	0.031433436929085734
11.48828125	0.031193505024943002
11.4921875	0.031059178260430198
11.49609375	0.03101422577630153
11.5	0.031044290764890015
11.50390625	0.031136890470107703
11.5078125	0.03128141618744529
11.51171875	0.031469133263972604
11.515625	0.03169318109833846
11.51953125	0.03194857314077043
11.5234375	0.03223219689307527
11.52734375	0.032542813908638335
11.53125	0.03287949165946508
11.53515625	0.033233602854916555
11.5390625	0.03360172307987458
11.54296875	0.03398180007043017
11.546875	0.034371923111556735
11.55078125	0.03477032303711064
11.5546875	0.03517537222983069
11.55859375	0.03558558462133854
11.5625	0.03599961569213844
11.56640625	0.03641626247161717
11.5703125	0.03683446353804454
11.57421875	0.03725329901857244
11.578125	0.03767199058923587
11.58203125	0.0380899014749525
11.5859375	0.038506536449522344
11.58984375	0.038921541835628404
11.59375	0.03933470550483609
11.59765625	0.03974595687759375
11.6015625	0.04015536692323207
11.60546875	0.040563148159964535
11.609375	0.0409696546548875
11.61328125	0.04137538202397967
11.6171875	0.04178096743210258
11.62109375	0.042187189593000496
11.625	0.04259496876929991
11.62890625	0.0430053667725106
11.6328125	0.04341958696302456
11.63671875	0.04383897425011668
11.640625	0.044265015091944304
11.64453125	0.044699337495547775
11.6484375	0.04514371101684972
11.65234375	0.045600046760655544
11.65625	0.04607039738065344
11.66015625	0.04655695707941421
11.6640625	0.04706206160839116
11.66796875	0.047588188267920495
11.671875	0.04812036415124382
11.67578125	0.04860153969550546
11.6796875	0.04908040280854592
11.68359375	0.04961801947815192
11.6875	0.050275091540350814
11.69140625	0.05111195667941065
11.6953125	0.05218858842784013
11.69921875	0.05356459616638842
11.703125	0.05529922512404545
11.70703125	0.05745135637804144
11.7109375	0.060079506853847775
11.71484375	0.06324182932517586
11.71875	0.06699611241397813
11.72265625	0.07139978059044755
11.7265625	0.07650989417301735
11.73046875	0.08238314932836194
11.734375	0.08907587807139583
11.73828125	0.09664404826527451
11.7421875	0.1051432636213937
11.74609375	0.11462876369939012
11.75	0.12515542390714096
11.75390625	0.136777755500764
11.7578125	0.1495499066571978
11.76171875	0.1634773416121985
11.765625	0.17830399985344925
11.76953125	0.19369917964513161
11.7734375	0.20934136014213423
11.77734375	0.2249182013900527
11.78125	0.24012654432518965
11.78515625	0.25467241077455505
11.7890625	0.2682710034558655
11.79296875	0.28064670597754493
11.796875	0.29153308283872426
11.80078125	0.30067287942924126
11.8046875	0.30781802202964126
11.80859375	0.31272961781117603
11.8125	0.31517795483580446
11.81640625	0.3149407948846552
11.8203125	0.31192578068399424
11.82421875	0.30636915707126333
11.828125	0.2985525742898876
11.83203125	0.2887583757718408
11.8359375	0.2772695981376474
11.83984375	0.2643699711963806
11.84375	0.25034391794566335
11.84765625	0.2354765545716686
11.8515625	0.22005369044911838
11.85546875	0.20436182814128467
11.859375	0.18868816339998862
11.86328125	0.17332058516560178
11.8671875	0.1585476755670444
11.87109375	0.14465870992178687
11.875	0.13183701759453825
11.87890625	0.11996894964136018
11.8828125	0.10921715008243416
11.88671875	0.09971120491802787
11.890625	0.0915148788838605
11.89453125	0.08462611545110249
11.8984375	0.07897703682637552
11.90234375	0.07443394395175268
11.90625	0.07079731650475823
11.91015625	0.06780181289836773
11.9140625	0.06511627028100814
11.91796875	0.06234370453655763
11.921875	0.05902131028434571
11.92578125	0.05462046087915323
11.9296875	0.04854670841121206
11.93359375	0.036175877963265934
11.9375	0.00976703300420173
11.94140625	-0.02417010570959799
11.9453125	-0.05915237450653077
11.94921875	-0.08952471391007982
11.953125	-0.11046016863881503
11.95703125	-0.11795988760639176
11.9609375	-0.10885312392155172
11.96484375	-0.0807972348881224
11.96875	-0.032277682005017905
11.97265625	0.03739196903376263
11.9765625	0.1280700483391325
11.98046875	0.23878678182692126
11.984375	0.36774429121786933
11.98828125	0.5123165940376341
11.9921875	0.6690496036167849
11.99609375	0.8330210223144924
12.0	0.978958699935084
12.00390625	1.0784696087792804
12.0078125	1.1158206095047194
12.01171875	1.0848233496961095
12.015625	0.9888342638652233
12.01953125	0.8407545734509038
12.0234375	0.6621892539678308
12.02734375	0.47469727359154
12.03125	0.29628885876803923
12.03515625	0.14051395117906695
12.0390625	0.01620321716047035
12.04296875	-0.07253195229779374
12.046875	-0.12629944155166056
12.05078125	-0.14798920145387057
12.0546875	-0.14267873806578907
12.05859375	-0.11940042593601524
12.0625	-0.0858419625160749
12.06640625	-0.048275039869205894
12.0703125	-0.011555344670359236
12.07421875	0.020877441793801577
12.078125	0.0469996436249005
12.08203125	0.06620359031284923
12.0859375	0.07951886324511703
12.08984375	0.08874266629549654
12.09375	0.09489998620303225
12.09765625	0.09887568406473757
12.1015625	0.1014341236789561
12.10546875	0.10321917154536042
12.109375	0.10475419686495324
12.11328125	0.10644207154006646
12.1171875	0.1085651701743624
12.12109375	0.1112853700728319
12.125	0.11464405124179633
12.12890625	0.11856209638890625
12.1328125	0.12283989092314196
12.13671875	0.12728880465006243
12.140625	0.1321725446812767
12.14453125	0.1375697892456278
12.1484375	0.14352381319069718
12.15234375	0.15007153775024107
12.15625	0.15724353054419005
12.16015625	0.16506400557864864
12.1640625	0.17355082324589577
12.16796875	0.1827154903243845
12.171875	0.19256315997874207
12.17578125	0.20309263175977044
12.1796875	0.21429635160444516
12.18359375	0.2261604118359164
12.1875	0.2386645511635085
12.19140625	0.2518040022584219
12.1953125	0.26570560379300956
12.19921875	0.2802621442370764
12.203125	0.29531416169764835
12.20703125	0.3107074529690066
12.2109375	0.32629307353268844
12.21484375	0.34192733755748694
12.21875	0.3574718178994509
12.22265625	0.37279334610188464
12.2265625	0.3877640123953492
12.23046875	0.40226116569766035
12.234375	0.41616741361389
12.23828125	0.4293706224363666
12.2421875	0.44176391714467345
12.24609375	0.4532456814056499
12.25	0.46371955757339167
12.25390625	0.4730944466892495
12.2578125	0.48128450848183046
12.26171875	0.48820916136699744
12.265625	0.49379308244786846
12.26953125	0.49796620751481824
12.2734375	0.500663731045477
12.27734375	0.5018261062047306
12.28125	0.5013990448447208
12.28515625	0.4993335175048449
12.2890625	0.49558563035761594
12.29296875	0.49005092088624724
12.296875	0.4827909616787175
12.30078125	0.4739894343947145
12.3046875	0.4638230630169685
12.30859375	0.4524616138512495
12.3125	0.4400678955263695
12.31640625	0.42679775899418193
12.3203125	0.41280009752958124
12.32421875	0.3982168467305035
12.328125	0.3831829845179259
12.33203125	0.3678265311358667
12.3359375	0.35226854915138606
12.33984375	0.336623143454585
12.34375	0.32099746125860606
12.34765625	0.305491692099633
12.3515625	0.29019906783689087
12.35546875	0.2752058626526461
12.359375	0.2605913930522066
12.36328125	0.2464280178639212
12.3671875	0.23278113823918045
12.37109375	0.21970919765241592
12.375	0.20726368190110045
12.37890625	0.19548911910574862
12.3828125	0.1844230797099159
12.38671875	0.17409617648019926
12.390625	0.16453206450623714
12.39453125	0.15574744120070871
12.3984375	0.1477525798731225
12.40234375	0.1405387441151551
12.40625	0.13406025498252339
12.41015625	0.12826876611138682
12.4140625	0.12311762363080858
12.41796875	0.11856186616275621
12.421875	0.11455822482210098
12.42578125	0.11106512321661888
12.4296875	0.10804267744698914
12.43359375	0.10545269610679553
12.4375	0.10325868028252572
12.44140625	0.10142582355357155
12.4453125	0.0999210119922288
12.44921875	0.09871282416369748
12.453125	0.0977715311260815
12.45703125	0.09706909643038858
12.4609375	0.09657917612053113
12.46484375	0.09627711873332512
12.46875	0.09613996529849067
12.47265625	0.09614644933865207
12.4765625	0.0962769968693376
12.48046875	0.09651372639897943
12.484375	0.09684044892891419
12.48828125	0.09724266795338216
12.4921875	0.09770757945952796
12.49609375	0.09822407192739996
12.5	0.09878272632995105
12.50390625	0.09937581613303764
12.5078125	0.09999583602218931
12.51171875	0.10063591229132252
12.515625	0.10129375099245375
12.51953125	0.10196731353529531
12.5234375	0.10265467050896515
12.52734375	0.10335400168198627
12.53125	0.10406359600228698
12.53515625	0.10478185159720121
12.5390625	0.10550727577346763
12.54296875	0.10623848501723065
12.546875	0.10697420499403987
12.55078125	0.10771327054885005
12.5546875	0.10845462570602127
12.55859375	0.10919732366931911
12.5625	0.10994052682191424
12.56640625	0.11068350672638261
12.5703125	0.11142564412470546
12.57421875	0.11216642893826967
12.578125	0.11290546026786674
12.58203125	0.11364244639369436
12.5859375	0.1143772047753544
12.58984375	0.11510966205185513
12.59375	0.11583985404160935
12.59765625	0.11656792574243557
12.6015625	0.1172941313315573
12.60546875	0.11801883416560344
12.609375	0.11874250678060838
12.61328125	0.11946573089201151
12.6171875	0.12018919739465783
12.62109375	0.12091370636279719
12.625	0.12164784707533072
12.62890625	0.12241445683976615
12.6328125	0.12319883247490149
12.63671875	0.1239873889125147
12.640625	0.12477172706113049
12.64453125	0.12554863380602044
12.6484375	0.1263200820092033
12.65234375	0.12709323050944477
12.65625	0.1278804241222573
12.66015625	0.1286991936399008
12.6640625	0.12957225583138154
12.66796875	0.1305275134424534
12.671875	0.13159805519561674
12.67578125	0.13282215579011913
12.6796875	0.1342432759019555
12.68359375	0.13591006218386692
12.6875	0.13787634726534204
12.69140625	0.14020114975261633
12.6953125	0.1429486742286724
12.69921875	0.1461883112532396
12.703125	0.14992604146143484
12.70703125	0.15425263256391286
12.7109375	0.15935294119507482
12.71484375	0.16537613183380973
12.71875	0.17243563960784414
12.72265625	0.18060917029374257
12.7265625	0.1899387003169074
12.73046875	0.20043047675157877
12.734375	0.21205501732083487
12.73828125	0.22474711039659168
12.7421875	0.23840581499960267
12.74609375	0.25289446079945976
12.75	0.2680406481145923
12.75390625	0.2836362479122676
12.7578125	0.2994374018085908
12.76171875	0.3151645220685052
12.765625	0.3305629157955693
12.76953125	0.3453261756625128
12.7734375	0.35898223528202944
12.77734375	0.37111975985646917
12.78125	0.38139384761468176
12.78515625	0.3895260298120157
12.7890625	0.3953042707303187
12.79296875	0.39858296767793766
12.796875	0.3992829509897188
12.80078125	0.3973914840270071
12.8046875	0.39296226317764693
12.80859375	0.38611541785598213
12.8125	0.3770375105028553
12.81640625	0.36598153658560817
12.8203125	0.35326692459808184
12.82421875	0.33927953606061634
12.828125	0.3244199802236486
12.83203125	0.3089731142288107
12.8359375	0.2932989790175179
12.83984375	0.2777259946673145
12.84375	0.26254069679785474
12.84765625	0.24798773657090245
12.8515625	0.23426988069033117
12.85546875	0.22154801140212366
12.859375	0.20994112649437302
12.86328125	0.19952633929728147
12.8671875	0.1903388786831609
12.87109375	0.1823720890664331
12.875	0.17557743040362928
12.87890625	0.16986447819339012
12.8828125	0.16510092347646632
12.88671875	0.16113516789540994
12.890625	0.15785916364048114
12.89453125	0.15502640824571412
12.8984375	0.15225617583905993
12.90234375	0.1490391326612287
12.90625	0.14473733706569036
12.91015625	0.13858423951867482
12.9140625	0.1296846825991712
12.91796875	0.11701490099892853
12.921875	0.09952859764515176
12.92578125	0.07770913551725378
12.9296875	0.053806936271290295
12.93359375	0.030996681947070226
12.9375	0.013354828638911631
12.94140625	0.005859606495642433
12.9453125	0.014391019720599307
12.94921875	0.0449682508634926
12.953125	0.10183844290772426
12.95703125	0.1903308690649813
12.9609375	0.3113631635378128
12.96484375	0.4608654487521142
12.96875	0.6297803353571269
12.97265625	0.8040629222254384
12.9765625	0.9648413136193325
12.98046875	1.0899644893232776
12.984375	1.1602049716397143
12.98828125	1.1648951993759349
12.9921875	1.1022618060383573
12.99609375	0.9794256198325245
13.0	0.8124016636631047
13.00390625	0.6258310732773339
13.0078125	0.44101572810809786
13.01171875	0.2709660058768901
13.015625	0.125990885186828
13.01953125	0.012736348813405851
13.0234375	-0.06581461629550522
13.02734375	-0.1103420190196569
13.03125	-0.1251888640664246
13.03515625	-0.11590667800553678
13.0390625	-0.08916552653493975
13.04296875	-0.052929243972209494
13.046875	-0.013607547947484422
13.05078125	0.023945532822815863
13.0546875	0.05643165853599069
13.05859375	0.08210817830305794
13.0625	0.10078813014875465
13.06640625	0.11382740373201994
13.0703125	0.1229857702830014
13.07421875	0.12924262011083854
13.078125	0.13346700820328994
13.08203125	0.1363993936238641
13.0859375	0.13865163951182014
13.08984375	0.14070701308216715
13.09375	0.1429201856256641
13.09765625	0.14551723250882098
13.1015625	0.148595633173897
13.10546875	0.15212427113890226
13.109375	0.15594343399759658
13.11328125	0.15998171085246948
13.1171875	0.16442806148272138
13.12109375	0.16932616510557508
13.125	0.1747145290196267
13.12890625	0.18062788888914194
13.1328125	0.187097208744056
13.13671875	0.19414968097997332
13.140625	0.20180872635816727
13.14453125	0.21009399400558093
13.1484375	0.2190213614148263
13.15234375	0.228602934444185
13.15625	0.23884704731760775
13.16015625	0.24975826262471446
13.1640625	0.2614598688351797
13.16796875	0.2740392323298715
13.171875	0.2873759251874609
13.17578125	0.30135054472005207
13.1796875	0.3158456575199212
13.18359375	0.3307457994595169
13.1875	0.3459374756914607
13.19140625	0.36130916064854657
13.1953125	0.37675129804374097
13.19921875	0.39215630087018327
13.203125	0.4074185514011849
13.20703125	0.4224344011902301
13.2109375	0.4371021710709758
13.21484375	0.4513221511572515
13.21875	0.46499660084305894
13.22265625	0.47802974880257265
13.2265625	0.49032779299013995
13.23046875	0.5017989006402807
13.234375	0.5123532082676864
13.23828125	0.5219028216672228
13.2421875	0.5303618159139264
13.24609375	0.5376462353630079
13.25	0.5436740936498498
13.25390625	0.5483653736900067
13.2578125	0.5516420276792066
13.26171875	0.5534279770933498
13.265625	0.553649112688509
13.26953125	0.5522332945009296
13.2734375	0.5491091222812797
13.27734375	0.5441973417991166
13.28125	0.5376014392360113
13.28515625	0.5294840197403932
13.2890625	0.5200023668134024
13.29296875	0.5093084423088912
13.296875	0.497548886433424
13.30078125	0.48486501774627644
13.3046875	0.4713928331594367
13.30859375	0.4572630079376039
13.3125	0.4426008956981896
13.31640625	0.4275265284113171
13.3203125	0.4121546163998211
13.32421875	0.39659454833924845
13.328125	0.3809503912578578
13.33203125	0.3653208905366193
13.3359375	0.3497994699092153
13.33984375	0.3344742314620398
13.34375	0.31942795563419846
13.34765625	0.3047381012175089
13.3515625	0.29047680535650033
13.35546875	0.2767108835484141
13.359375	0.2635018296432031
13.36328125	0.2509058158435322
13.3671875	0.23897369270477786
13.37109375	0.22775098913502867
13.375	0.21727791239508443
13.37890625	0.20758934809845753
13.3828125	0.19870913365711151
13.38671875	0.1906131223065629
13.390625	0.18325718365766286
13.39453125	0.1765983332275768
13.3984375	0.17059482005258175
13.40234375	0.1652061266880669
13.40625	0.16039296920853308
13.41015625	0.15611729720759282
13.4140625	0.1523422937979706
13.41796875	0.14903237561150262
13.421875	0.14615319279913708
13.42578125	0.14367162903093367
13.4296875	0.14155580149606417
13.43359375	0.139775060902812
13.4375	0.1382999914785723
13.44140625	0.13710241096985243
13.4453125	0.136155370642271
13.44921875	0.13543315528055888
13.453125	0.1349112831885586
13.45703125	0.13456650618922428
13.4609375	0.13437680962462228
13.46484375	0.1343214123559302
13.46875	0.13438076676343802
13.47265625	0.13453655874654724
13.4765625	0.134771707723771
13.48046875	0.13507036663273464
13.484375	0.13541792193017488
13.48828125	0.1358013441625725
13.4921875	0.13621551447212754
13.49609375	0.13665765257520068
13.5	0.13712427528092486
13.50390625	0.13761209149640163
13.5078125	0.13811800222670223
13.51171875	0.13863910057486628
13.515625	0.13917267174190273
13.51953125	0.13971619302678928
13.5234375	0.14026733382647272
13.52734375	0.1408239556358689
13.53125	0.1413841120478625
13.53515625	0.1419460487533074
13.5390625	0.1425082035410261
13.54296875	0.1430692062978104
13.546875	0.1436278790084211
13.55078125	0.14418323575558767
13.5546875	0.14473448272000877
13.55859375	0.145281018180352
13.5625	0.14582243251325422
13.56640625	0.14635850819332064
13.5703125	0.14688921979312608
13.57421875	0.14741473398321403
13.578125	0.14793540953209683
13.58203125	0.14845179730625635
13.5859375	0.14896464027014267
13.58984375	0.1494748734861756
13.59375	0.149984664687407
13.59765625	0.15050383631969677
13.6015625	0.1510281757754961
13.60546875	0.15155101237125124
13.609375	0.1520672401776768
13.61328125	0.1525733180197547
13.6171875	0.15306726947673488
13.62109375	0.15354868288213508
13.625	0.1540187113237408
13.62890625	0.1544800726436052
13.6328125	0.15493704943804953
13.63671875	0.15539548905766287
13.640625	0.15586280360730154
13.64453125	0.15634796994609046
13.6484375	0.15686152968742162
13.65234375	0.1574155891989556
13.65625	0.1580238196026199
13.66015625	0.15870145677461056
13.6640625	0.15946530134539083
13.66796875	0.16033371869969237
13.671875	0.16132663897651411
13.67578125	0.16239247462521766
13.6796875	0.1634681717820229
13.68359375	0.16471733583072612
13.6875	0.16629564179054324
13.69140625	0.16834258239604083
13.6953125	0.170981468097136
13.69921875	0.17431942705909642
13.703125	0.17844740516254076
13.70703125	0.1834401660034377
13.7109375	0.18935629089310702
13.71484375	0.19623817885821893
13.71875	0.2041120466407944
13.72265625	0.21298792869820504
13.7265625	0.22285967720317268
13.73046875	0.23370496204377034
13.734375	0.24548527082342142
13.73828125	0.2581459088608997
13.7421875	0.2716159991903301
13.74609375	0.28580848256118774
13.75	0.30062011743829875
13.75390625	0.3159339092767688
13.7578125	0.3316259086879707
13.76171875	0.3472708089080334
13.765625	0.3623912428872329
13.76953125	0.3765624830971668
13.7734375	0.38941244153075205
13.77734375	0.40062166970222735
13.78125	0.40992335864715146
13.78515625	0.41710333892240414
13.7890625	0.42200008060618566
13.79296875	0.4245046932980171
13.796875	0.42456092611873997
13.80078125	0.4221651677105167
13.8046875	0.4173664462368303
13.80859375	0.41026642938248437
13.8125	0.40101942435360327
13.81640625	0.38983229866766833
13.8203125	0.37691209232513245
13.82421875	0.36261161975996725
13.828125	0.3473528783173061
13.83203125	0.3315197219545858
13.8359375	0.3154578612415466
13.83984375	0.29947486336023277
13.84375	0.28384015210499125
13.84765625	0.2687850078824736
13.8515625	0.25450256771163404
13.85546875	0.2411478252237308
13.859375	0.22883763066232565
13.86328125	0.2176506908832837
13.8671875	0.20762756935477367
13.87109375	0.19877068615726823
13.875	0.19104431798354293
13.87890625	0.1843745981386773
13.8828125	0.17860198654191828
13.88671875	0.1736508364041286
13.890625	0.1695098287770438
13.89453125	0.16603395897591178
13.8984375	0.16294321960192626
13.90234375	0.15982260054222552
13.90625	0.15612208896989344
13.91015625	0.15115666934395888
13.9140625	0.14410632340939566
13.91796875	0.13401603019712283
13.921875	0.11980707183659667
13.92578125	0.10097742907584506
13.9296875	0.07846236995521855
13.93359375	0.05423817074084519
13.9375	0.03128626772057769
13.94140625	0.013593257203993236
13.9453125	0.00615089552239384
13.94921875	0.014942425328018039
13.953125	0.044509896729059584
13.95703125	0.10066689555949182
13.9609375	0.1879169382054916
13.96484375	0.30661580070291816
13.96875	0.4529715187373131
13.97265625	0.6190443876438997
13.9765625	0.7927469624075848
13.98046875	0.958378424866363
13.984375	1.0937236753658217
13.98828125	1.1783125553136875
13.9921875	1.2000000000000002
13.99609375	1.1550052462368745
14.0	1.047911832358504
14.00390625	0.8916675982211603
14.0078125	0.7075846852031923
14.01171875	0.5202753858809078
14.015625	0.34384590717131414
14.01953125	0.1893874751326885
14.0234375	0.06455329554869488
14.02734375	-0.026488428241840167
14.03125	-0.08305449534492632
14.03515625	-0.10794670731141032
14.0390625	-0.10717021372578567
14.04296875	-0.08641558346422978
14.046875	-0.05327972310936302
14.05078125	-0.014763732840334831
14.0546875	0.023670545992001413
14.05859375	0.05810053086508793
14.0625	0.08614289808466286
14.06640625	0.10695358278475975
14.0703125	0.12122777892770875
14.07421875	0.13103240915040526
14.078125	0.13771528729113014
14.08203125	0.1421034642752872
14.0859375	0.14497557543133333
14.08984375	0.14697964393971608
14.09375	0.1486330808328733
14.09765625	0.1503226849952335
14.1015625	0.15230464316321535
14.10546875	0.15470452992522854
14.109375	0.15751730772167283
14.11328125	0.1606073268449386
14.1171875	0.16394004808171359
14.12109375	0.1676662729265792
14.125	0.17182639103365804
14.12890625	0.17645773142116927
14.1328125	0.18159456297163823
14.13671875	0.18726809443189596
14.140625	0.19350647441307933
14.14453125	0.2003347913906307
14.1484375	0.20777507370429882
14.15234375	0.21584628955813767
14.15625	0.22456434702050732
14.16015625	0.2339420940240735
14.1640625	0.24400474103171133
14.16796875	0.2548269581220761
14.171875	0.2663659937775804
14.17578125	0.2785578258107759
14.1796875	0.291335078646905
14.18359375	0.30462702332390124
14.1875	0.3183595774923893
14.19140625	0.33245530541568524
14.1953125	0.34683341796979605
14.19921875	0.36140977264341945
14.203125	0.3760968735379445
14.20703125	0.3908038713674514
14.2109375	0.4054365634587114
14.21484375	0.4198973937511866
14.21875	0.4340854527970305
14.22265625	0.44789647776108776
14.2265625	0.46122285242089334
14.23046875	0.4739536071666741
14.234375	0.4859744190013482
14.23828125	0.4971676115405236
14.2421875	0.5074121550125008
14.24609375	0.5165836662582701
14.25	0.524554408731514
14.25390625	0.531193292498605
14.2578125	0.5363658742386079
14.26171875	0.5399314959251977
14.265625	0.5417771569653504
14.26953125	0.5419357047308561
14.2734375	0.540466003830767
14.27734375	0.5374306036685713
14.28125	0.5328957384421926
14.28515625	0.5269313271439903
14.2890625	0.519610973560759
14.29296875	0.5110119662737294
14.296875	0.5012152786585677
14.30078125	0.4903055688853756
14.3046875	0.47837117991869027
14.30859375	0.46550413951748504
14.3125	0.45180016023516845
14.31640625	0.4373586394195845
14.3203125	0.4222826592130132
14.32421875	0.4066789865521703
14.328125	0.39065807316820655
14.33203125	0.37433405558670874
14.3359375	0.3578247551276994
14.33984375	0.34125167790563615
14.34375	0.32474001482941295
14.34765625	0.3084186416023589
14.3515625	0.2924201187222387
14.35546875	0.2768806914812528
14.359375	0.26194028996603747
14.36328125	0.247725493039608
14.3671875	0.2342284886814685
14.37109375	0.2214431443621161
14.375	0.20937171211262706
14.37890625	0.19801386686895017
14.3828125	0.1873667064719069
14.38671875	0.17742475166719185
14.390625	0.16817994610537224
14.39453125	0.15962165634188796
14.3984375	0.15173667183705186
14.40234375	0.14450920495604935
14.40625	0.13792089096893856
14.41015625	0.13195078805065108
14.4140625	0.12657537728099033
14.41796875	0.1217685626446332
14.421875	0.11750167103112896
14.42578125	0.11374345223489968
14.4296875	0.11046007895524068
14.43359375	0.10761514679631945
14.4375	0.10516967426717683
14.44140625	0.10308210278172569
14.4453125	0.1013082966587524
14.44921875	0.09980154312191586
14.453125	0.09851255229974748
14.45703125	0.09739164396244648
14.4609375	0.09643540976314047
14.46484375	0.09563822761545143
14.46875	0.0949831933745342
14.47265625	0.09445436615537173
14.4765625	0.09403676833277613
14.48046875	0.09371638554138834
14.484375	0.0934801666756781
14.48828125	0.09331602388994381
14.4921875	0.0932128325983132
14.49609375	0.09316043147474223
14.5	0.09314962245301595
14.50390625	0.09317217072674844
14.5078125	0.09322080474938249
14.51171875	0.09328921623418945
14.515625	0.09337206015426991
14.51953125	0.09346495474255301
14.5234375	0.09356448149179697
14.52734375	0.09366818515458847
14.53125	0.09377457374334364
14.53515625	0.09388311853030668
14.5390625	0.0939942540475513
14.54296875	0.09410937808697956
14.546875	0.09423085170032275
14.55078125	0.0943621541040221
14.5546875	0.09450276848634559
14.55859375	0.09464934039372458
14.5625	0.09479884194102939
14.56640625	0.09494858158421815
14.5703125	0.09509620412033698
14.57421875	0.0952396906875197
14.578125	0.09537735876498843
14.58203125	0.09550786217305285
14.5859375	0.09563019107311088
14.58984375	0.09574367196764827
14.59375	0.09584796770023868
14.59765625	0.0959430774555437
14.6015625	0.09602933675931286
14.60546875	0.09610741747838375
14.609375	0.0961783278206817
14.61328125	0.0962434123352201
14.6171875	0.0963043519121004
14.62109375	0.09636316378251147
14.625	0.09642220151873088
14.62890625	0.09648415503412361
14.6328125	0.09655205058314265
14.63671875	0.09662925076132911
14.640625	0.09671945450531172
14.64453125	0.09682669709280756
14.6484375	0.09695535014262135
14.65234375	0.09711012161464566
14.65625	0.0972960558098615
14.66015625	0.09751853337033717
14.6640625	0.09778327127922937
14.66796875	0.09809632286078263
14.671875	0.09845858093299115
14.67578125	0.09888178051005936
14.6796875	0.09941840982970185
14.68359375	0.10012469968668869
14.6875	0.10105865768294753
14.69140625	0.10228006822756275
14.6953125	0.10385049253677725
14.69921875	0.10583326863399078
14.703125	0.10829351134976073
14.70703125	0.11129811232180187
14.7109375	0.11491573999498683
14.71484375	0.1192168396213451
14.71875	0.12427363326006435
14.72265625	0.1301601197774892
14.7265625	0.13695207484712202
14.73046875	0.14472705094962246
14.734375	0.15356437737280804
14.73828125	0.16354997752666556
14.7421875	0.17484050435175535
14.74609375	0.18731352244188182
14.75	0.20074125696245582
14.75390625	0.21489261201258025
14.7578125	0.2295331706250513
14.76171875	0.24442519476635693
14.765625	0.2593276253366782
14.76953125	0.27399608216988824
14.7734375	0.2881828640335531
14.77734375	0.301636948628931
14.78125	0.314103992590973
14.78515625	0.32532633148832246
14.7890625	0.3350429798233153
14.79296875	0.3429896310319803
14.796875	0.3488986574840379
14.80078125	0.3524991104829023
14.8046875	0.35351672026567904
14.80859375	0.3516936502231547
14.8125	0.3471067559717065
14.81640625	0.34007623871778203
14.8203125	0.33091822662531545
14.82421875	0.31994009288475467
14.828125	0.30744045571306
14.83203125	0.293709178353705
14.8359375	0.27902736907667636
14.83984375	0.2636673811784731
14.84375	0.24789281298210797
14.84765625	0.23195850783710636
14.8515625	0.21611055411950664
14.85546875	0.20058628523186006
14.859375	0.18561427960323107
14.86328125	0.1714143606891969
14.8671875	0.1581975969718481
14.87109375	0.14616630195978775
14.875	0.13521934671152613
14.87890625	0.12517091384635715
14.8828125	0.11623527258914812
14.88671875	0.10853832899053617
14.890625	0.10211364887426622
14.89453125	0.09690245783719109
14.8984375	0.09275364124927227
14.90234375	0.08942374425357907
14.90625	0.08657697176628859
14.91015625	0.08378518847668653
14.9140625	0.08052791884716654
14.91796875	0.07619234711323025
14.921875	0.0700733172834877
14.92578125	0.06137333313965676
14.9296875	0.04920255823656344
14.93359375	0.03156685296205464
14.9375	0.0006238253040894981
14.94140625	-0.03687071790045504
14.9453125	-0.07195700741994837
14.94921875	-0.09713850075325298
14.953125	-0.10638188212972477
14.95703125	-0.09511706250921265
14.9609375	-0.06023717958205904
14.96484375	-9.859776909970641e-05
14.96875	0.08547909177833729
14.97265625	0.19521307117842845
14.9765625	0.3263572958188601
14.98046875	0.4747024943568219
14.984375	0.634576168719014
14.98828125	0.7988425941016389
14.9921875	0.9531736249228332
14.99609375	1.06902495019976
15.0	1.1279946304426782
15.00390625	1.1208784348523024
15.0078125	1.0475038110665826
15.01171875	0.9167298851607001
15.015625	0.7464474616470688
15.01953125	0.5598509895690664
15.0234375	0.3753199574679714
15.02734375	0.20767711806851186
15.03125	0.0674236966714919
15.03515625	-0.03926740260747186
15.0390625	-0.11055159683795185
15.04296875	-0.14890207773125325
15.046875	-0.15767556443829817
15.05078125	-0.1435044667655926
15.0546875	-0.11490886303483194
15.05859375	-0.07897700436584182
15.0625	-0.04136531467657756
15.06640625	-0.006298390683124266
15.0703125	0.023430998100302747
15.07421875	0.04646190936135847
15.078125	0.06286773756024833
15.08203125	0.07451183521110033
15.0859375	0.08284832988030466
15.08984375	0.0885797791850148
15.09375	0.09234189023077755
15.09765625	0.0947035196115324
15.1015625	0.09616667340961244
15.10546875	0.09716650719574332
15.109375	0.09807132602904411
15.11328125	0.09918258445702655
15.1171875	0.10073488651559581
15.12109375	0.10289598572904979
15.125	0.10576678511007986
15.12890625	0.10938133715976961
15.1328125	0.11370684386759677
15.13671875	0.1186436567114314
15.140625	0.12402527665753671
15.14453125	0.1296554574218033
15.1484375	0.1357491354847069
15.15234375	0.14243603087751355
15.15625	0.14975461599573037
15.16015625	0.15773380455933605
15.1640625	0.166392951612779
15.16796875	0.1757418535249783
15.171875	0.18578074798932354
15.17578125	0.19650031402367496
15.1796875	0.20788167197036278
15.18359375	0.21989638349618812
15.1875	0.23250645159242245
15.19140625	0.2456643205748077
15.1953125	0.25931287608355624
15.19921875	0.27338544508335105
15.203125	0.2878057958633451
15.20703125	0.30248813803716257
15.2109375	0.3173518748886719
15.21484375	0.3323673733652104
15.21875	0.34737647380564496
15.22265625	0.3622069405243342
15.2265625	0.37669634758935744
15.23046875	0.39069207882251344
15.234375	0.40405132779932074
15.23828125	0.4166410978490189
15.2421875	0.4283382020545663
15.24609375	0.4390292632526419
15.25	0.44861071403364483
15.25390625	0.4569887967416938
15.2578125	0.464079563474628
15.26171875	0.469808876084006
15.265625	0.47411240617510675
15.26953125	0.4769356351069296
15.2734375	0.4782338539921931
15.27734375	0.4779721636973365
15.28125	0.4761254748425182
15.28515625	0.4726785078016179
15.2890625	0.4675668041305452
15.29296875	0.46070165773726857
15.296875	0.4522452752481779
15.30078125	0.44236802558403443
15.3046875	0.4312340051101433
15.30859375	0.4190010376363542
15.3125	0.4058206744170608
15.31640625	0.391838194151201
15.3203125	0.377192602982257
15.32421875	0.36201663449825505
15.328125	0.34643674973176575
15.33203125	0.3305731371599039
15.3359375	0.31453971270432834
15.33984375	0.2984441197312425
15.34375	0.282387729051394
15.34765625	0.2664656389200738
15.3515625	0.250766675037118
15.35546875	0.23537339054690698
15.359375	0.2203620660383646
15.36328125	0.20580270954495938
15.3671875	0.19175905654470382
15.37109375	0.1782885699601553
15.375	0.16544244015841447
15.37890625	0.15326558495112685
15.3828125	0.1417966495944818
15.38671875	0.13106800678921304
15.390625	0.12110575668059842
15.39453125	0.11192972685846048
15.3984375	0.10354913769472662
15.40234375	0.0959324572237445
15.40625	0.08903266370218876
15.41015625	0.08280423016900329
15.4140625	0.0772031525454509
15.41796875	0.07218694963511268
15.421875	0.06771466312388852
15.42578125	0.06374685757999721
15.4296875	0.06024562045397586
15.43359375	0.057174562078680324
15.4375	0.05449881566928527
15.44140625	0.052185037323283834
15.4453125	0.05020140602048784
15.44921875	0.04851762362302786
15.453125	0.0471049148753529
15.45703125	0.04593602740423092
15.4609375	0.04498523171874835
15.46484375	0.04422832121031023
15.46875	0.043642612152640314
15.47265625	0.04320694370178113
15.4765625	0.042901677896093615
15.48046875	0.042708699656257565
15.484375	0.042611416785271305
15.48828125	0.04259475996845191
15.4921875	0.04264518277343504
15.49609375	0.04275066165017494
15.5	0.0429006959309447
15.50390625	0.0430862786957949
15.5078125	0.04329918531870025
15.51171875	0.043535514603770364
15.515625	0.043793003252365015
15.51953125	0.04406949983479641
15.5234375	0.044362964790328197
15.52734375	0.04467147042717645
15.53125	0.04499320092250936
15.53515625	0.04532645232244681
15.5390625	0.04566963254206091
15.54296875	0.046021261365375765
15.546875	0.046379970445367624
15.55078125	0.046744503303964735
15.5546875	0.047113715332046835
15.55859375	0.04748657378944671
15.5625	0.04786215780494829
15.56640625	0.048239658376287964
15.5703125	0.048618378370154036
15.57421875	0.04899773252218692
15.578125	0.04937724743697902
15.58203125	0.04975656158807468
15.5859375	0.05013542531797033
15.58984375	0.05051370083811452
15.59375	0.05089136222890761
15.59765625	0.0512684954397023
15.6015625	0.0516452982888031
15.60546875	0.05202208046346657
15.609375	0.05239926351990143
15.61328125	0.05277738088326811
15.6171875	0.05315707784767959
15.62109375	0.05353911157620039
15.625	0.05392435110084731
15.62890625	0.05431607466802729
15.6328125	0.05473742940678561
15.63671875	0.05518063647837884
15.640625	0.0556326508437322
15.64453125	0.056085329895153024
15.6484375	0.056535433456330664
15.65234375	0.05698462378233693
15.65625	0.05743946555962598
15.66015625	0.057911425906033875
15.6640625	0.05841687437077914
15.66796875	0.058977082934462466
15.671875	0.059618226009066855
15.67578125	0.06037138043795737
15.6796875	0.061272525495881525
15.68359375	0.0623625428889687
15.6875	0.06368721675473099
15.69140625	0.06529723366206247
15.6953125	0.06724818261123938
15.69921875	0.06960055503392026
15.703125	0.07241787680227696
15.70703125	0.07568708621736908
15.7109375	0.0795283365216044
15.71484375	0.0841173343041885
15.71875	0.08959732211459465
15.72265625	0.09607907846256403
15.7265625	0.10364091781810603
15.73046875	0.11232869061149797
15.734375	0.12215578323328502
15.73828125	0.1331031180342802
15.7421875	0.14511915332556458
15.74609375	0.15811988337848726
15.75	0.17198883842466506
15.75390625	0.18657708465598333
15.7578125	0.20170322422459463
15.76171875	0.21715339524291988
15.765625	0.23268127178364784
15.76953125	0.248047503933416
15.7734375	0.26294580899664555
15.77734375	0.27692028143819525
15.78125	0.2895675491438684
15.78515625	0.3005432204538472
15.7890625	0.3095618841626938
15.79296875	0.31639710951934874
15.796875	0.3208814462271321
15.80078125	0.3229064244437433
15.8046875	0.3224225547812605
15.80859375	0.3194393283061415
15.8125	0.3140252165392232
15.81640625	0.3063076714557216
15.8203125	0.29646812822515745
15.82421875	0.284686195740252
15.828125	0.27134184687991936
15.83203125	0.25684908912748683
15.8359375	0.24158884708878914
15.83984375	0.2259089624921683
15.84375	0.21012419418847306
15.84765625	0.19451621815105946
15.8515625	0.17933362747579074
15.85546875	0.16479193238103718
15.859375	0.15107356020767615
15.86328125	0.1383278554190922
15.8671875	0.12667107960117718
15.87109375	0.11618641146232966
15.875	0.10679377221529873
15.87890625	0.09831171779812253
15.8828125	0.0909165481005551
15.88671875	0.08470050678198787
15.890625	0.07965277119543979
15.89453125	0.07565945238755667
15.8984375	0.0725035950986116
15.90234375	0.06986517776250484
15.90625	0.0673211125067637
15.91015625	0.06434524515254275
15.9140625	0.06030835521462363
15.91796875	0.054478155901415415
15.921875	0.0460192941149537
15.92578125	0.03399335045090207
15.9296875	0.017087163118585325
15.93359375	-0.011934603352247386
15.9375	-0.04793523432686303
15.94140625	-0.08143165617024817
15.9453125	-0.10452746373255939
15.94921875	-0.11091292034912309
15.953125	-0.0958649578404357
15.95703125	-0.05624717651216338
15.9609375	0.009490154844857213
15.96484375	0.10131009895462062
15.96875	0.21758905005595008
15.97265625	0.35511673390249987
15.9765625	0.5090962077627535
15.98046875	0.6731438604200258
15.984375	0.8384926722164935
15.98828125	0.9802827017162902
15.9921875	1.0748244310481354
15.99609375	1.107523276885634
