time_s	ecg_mV
0.0	1.1201448949168493
0.00390625	1.0785021327384543
0.0078125	0.9701690471663161
0.01171875	0.8147701145079382
0.015625	0.6333861417145573
0.01953125	0.44727096524491167
0.0234375	0.2773659541635717
0.02734375	0.13664174624569828
0.03125	0.02992269907171736
0.03515625	-0.04102210807560335
0.0390625	-0.07734691430952832
0.04296875	-0.08312927713935289
0.046875	-0.06537007247040441
0.05078125	-0.03344754340706937
0.0546875	0.004868567448435484
0.05859375	0.04362325006831466
0.0625	0.07845016747827573
0.06640625	0.10662169248700719
0.0703125	0.12704890768617783
0.07421875	0.14028160545043675
0.078125	0.1485082879374142
0.08203125	0.15451938743954075
0.0859375	0.1588925382744512
0.08984375	0.16226509349262713
0.09375	0.16517781428578637
0.09765625	0.16805112650812332
0.1015625	0.17118512094025065
0.10546875	0.17475997832467977
0.109375	0.17883683334324416
0.11328125	0.1833567287243045
0.1171875	0.18827669470730907
0.12109375	0.19371297155471068
0.125	0.19971710593316633
0.12890625	0.2063322677207518
0.1328125	0.21359358499116754
0.13671875	0.22152814401373883
0.140625	0.23015498925341518
0.14453125	0.23948512337077107
0.1484375	0.24952150722200547
0.15234375	0.26025905985894204
0.15625	0.2716846585290291
0.16015625	0.2837771386753395
0.1640625	0.2965072939365709
0.16796875	0.30987269725681604
0.171875	0.32395181073364293
0.17578125	0.3386003658765122
0.1796875	0.35365106068522495
0.18359375	0.3689420416517643
0.1875	0.3843169037602947
0.19140625	0.3996246904871623
0.1953125	0.4147198938008949
0.19921875	0.42946245416220186
0.203125	0.4437177587234412
0.20703125	0.45735628711107595
0.2109375	0.4702535225260695
0.21484375	0.48229047779971057
0.21875	0.49335361466647654
0.22265625	0.5033348433530264
0.2265625	0.5121315225782008
0.23046875	0.5196464595530219
0.234375	0.5257879099806934
0.23828125	0.530469578056601
0.2421875	0.5336106164683118
0.24609375	0.5351356263955742
0.25	0.5349746575103187
0.25390625	0.5330632079766573
0.2578125	0.5292365346827127
0.26171875	0.5234245595417031
0.265625	0.515832473078416
0.26953125	0.5066604263819893
0.2734375	0.4961003909332779
0.27734375	0.4843361586048525
0.28125	0.47154334166100054
0.28515625	0.45788937275772607
0.2890625	0.4435335049427489
0.29296875	0.42862681165550587
0.296875	0.4133121867271501
0.30078125	0.39772434438055065
0.3046875	0.3819898285765515
0.30859375	0.3662278628891736
0.3125	0.3505510308242648
0.31640625	0.33506389637306866
0.3203125	0.31986284391854525
0.32421875	0.30503607823537066
0.328125	0.29066362448993777
0.33203125	0.27681732824035565
0.3359375	0.26356085543644997
0.33984375	0.25094969241976267
0.34375	0.2390311459235522
0.34765625	0.22784434307279328
0.3515625	0.2174202313841771
0.35546875	0.2077815787661113
0.359375	0.19894297351872012
0.36328125	0.19091082433384365
0.3671875	0.1836833602950384
0.37109375	0.17725677562639278
0.375	0.17159971226435125
0.37890625	0.1666612961829555
0.3828125	0.16239275284263202
0.38671875	0.15874743099071204
0.390625	0.15568080266143086
0.39453125	0.15315046317592854
0.3984375	0.15111613114224892
0.40234375	0.14953964845534076
0.40625	0.1483849196908989
0.41015625	0.14761511189214005
0.4140625	0.14719091852130556
0.41796875	0.14707447747324826
0.421875	0.1472300458553214
0.42578125	0.14762400406178341
0.4296875	0.14822485577379643
0.43359375	0.14900322795942764
0.4375	0.1499318708736479
0.44140625	0.15098565805833303
0.4453125	0.15214158634226282
0.44921875	0.15337877584112203
0.453125	0.15467846995749868
0.45703125	0.15602403538088652
0.4609375	0.1574009620876827
0.46484375	0.15879686334118917
0.46875	0.16020147569161225
0.47265625	0.16161556471957667
0.4765625	0.16305242239851483
0.48046875	0.16449221908361208
0.484375	0.16591453460216005
0.48828125	0.16730065905579913
0.4921875	0.16863359282051937
0.49609375	0.16989804654665908
0.5	0.17108044115890608
0.50390625	0.1721689078562971
0.5078125	0.17315346257915815
0.51171875	0.1740305694981198
0.515625	0.17480358278736188
0.51953125	0.17547782993717806
0.5234375	0.17606034871221082
0.52734375	0.17655988715145154
0.53125	0.1769869035682409
0.53515625	0.1773535665502683
0.5390625	0.17767375495957224
0.54296875	0.17796305793254016
0.546875	0.1782387748799088
0.55078125	0.1785199154867632
0.5546875	0.1788271997125382
0.55859375	0.1791830577910172
0.5625	0.17961163023033255
0.56640625	0.18013876781296587
0.5703125	0.18079203159574767
0.57421875	0.18160069290985745
0.578125	0.1825957333608234
0.58203125	0.18380984482852325
0.5859375	0.18527742946718337
0.58984375	0.1869492041890499
0.59375	0.1888972103755084
0.59765625	0.19134711993351808
0.6015625	0.19449425310787835
0.60546875	0.19850336150403863
0.609375	0.20350847100848515
0.61328125	0.20961028870424264
0.6171875	0.21687702453796479
0.62109375	0.22534660359582875
0.625	0.235026392307831
0.62890625	0.24589318846461874
0.6328125	0.2578932212174893
0.63671875	0.2709421510783903
0.640625	0.28492506991992
0.64453125	0.29969650097532624
0.6484375	0.31508039883850764
0.65234375	0.3308701494640131
0.65625	0.3468347033309208
0.66015625	0.3627262081060299
0.6640625	0.3780428379966075
0.66796875	0.39228370338535307
0.671875	0.4050181186247234
0.67578125	0.41588560203693253
0.6796875	0.4245958759139518
0.68359375	0.4309288665175092
0.6875	0.4347347040790907
0.69140625	0.4359337227999389
0.6953125	0.4345164608510538
0.69921875	0.4305436603731927
0.703125	0.4241462674768697
0.70703125	0.4155254322423568
0.7109375	0.4049128277367815
0.71484375	0.39261246685066037
0.71875	0.3791048566092939
0.72265625	0.36483482822274066
0.7265625	0.35020232101932003
0.73046875	0.33556238244561204
0.734375	0.3212251680664579
0.73828125	0.30745594156496
0.7421875	0.2944750747424816
0.74609375	0.2824580475186466
0.75	0.2715354479313406
0.75390625	0.26179297213670977
0.7578125	0.25327142440916095
0.76171875	0.24596432441342272
0.765625	0.23972190658699125
0.76953125	0.23451176286511202
0.7734375	0.23026061559690691
0.77734375	0.226730997571095
0.78125	0.22352125201599252
0.78515625	0.22006553259951256
0.7890625	0.21563380342916566
0.79296875	0.2093318390520586
0.796875	0.200101224454896
0.80078125	0.1867193550639792
0.8046875	0.16811416723744446
0.80859375	0.14545227893510707
0.8125	0.1215082049731929
0.81640625	0.10000685923062899
0.8203125	0.08561996586278918
0.82421875	0.08396277529769552
0.828125	0.10159417151066527
0.83203125	0.14490929854693751
0.8359375	0.217979045487597
0.83984375	0.32464946100387104
0.84375	0.4632518213268434
0.84765625	0.6262395797991178
0.8515625	0.8001883668748155
0.85546875	0.9657959901195776
0.859375	1.0979846856861426
0.86328125	1.1732973903811317
0.8671875	1.181304048579039
0.87109375	1.1206874488797967
0.875	0.9986225953097004
0.87890625	0.8307767073214108
0.8828125	0.6413092197939527
0.88671875	0.4583762067777575
0.890625	0.296073533375575
0.89453125	0.16359150637027434
0.8984375	0.06633939926620197
0.90234375	0.005793022641812419
0.90625	-0.02050527585033282
0.91015625	-0.018866082395587312
0.9140625	0.003532275838186995
0.91796875	0.03814123317855366
0.921875	0.07708701534264545
0.92578125	0.11448003411463892
0.9296875	0.14641489169994926
0.93359375	0.17097038072523002
0.9375	0.18820948423837336
0.94140625	0.20001658501934097
0.9453125	0.20803475309551353
0.94921875	0.21338540392634192
0.953125	0.2170612165338775
0.95703125	0.2198744108653
0.9609375	0.22245674779291744
0.96484375	0.22525952911416638
0.96875	0.22855359755161128
0.97265625	0.2324293367529451
0.9765625	0.2367966712909892
0.98046875	0.24148674108981527
0.984375	0.24667306903941136
0.98828125	0.25242561889678794
0.9921875	0.25878587703000566
0.99609375	0.26578874261193447
1.0	0.273462527620254
1.00390625	0.28182895683745346
1.0078125	0.29090316785083176
1.01171875	0.3006937110524976
1.015625	0.3112026703905877
1.01953125	0.3224261349542567
1.0234375	0.3343537272733958
1.02734375	0.34704951259665795
1.03125	0.3606081559650436
1.03515625	0.37488343853584044
1.0390625	0.389724098777775
1.04296875	0.404982461559346
1.046875	0.42051443814882494
1.05078125	0.4361795262142559
1.0546875	0.45184080982345465
1.05859375	0.4673649594440104
1.0625	0.482622231943284
1.06640625	0.49748647058840906
1.0703125	0.5118351050462921
1.07421875	0.5255491513836109
1.078125	0.5385132120668172
1.08203125	0.5506154759621338
1.0859375	0.5617477183355573
1.08984375	0.5718053008528552
1.09375	0.5806871715795688
1.09765625	0.5882958649810113
1.1015625	0.5945375019222682
1.10546875	0.5993217896681979
1.109375	0.6025620218834308
1.11328125	0.6041750786350824
1.1171875	0.6040816167502993
1.12109375	0.6022065862445886
1.125	0.5983719237067566
1.12890625	0.5925732400056681
1.1328125	0.585019560729244
1.13671875	0.5759117322963833
1.140625	0.5654422911537306
1.14453125	0.5537954637756766
1.1484375	0.5411471666643569
1.15234375	0.527665006349653
1.15625	0.5135082793891916
1.16015625	0.49882797236834564
1.1640625	0.4837667619002323
1.16796875	0.46845901462571554
1.171875	0.45303078721340406
1.17578125	0.43759982635965267
1.1796875	0.4222755687885611
1.18359375	0.40715914125197505
1.1875	0.39234336052948543
1.19140625	0.377912733428429
1.1953125	0.3639434567838879
1.19921875	0.35050341745868946
1.203125	0.33765219234340704
1.20703125	0.32544104835635923
1.2109375	0.3139129424436104
1.21484375	0.30310252103045365
1.21875	0.2930356563771531
1.22265625	0.283728602490638
1.2265625	0.27518920317011425
1.23046875	0.2674173004538528
1.234375	0.26040447156722785
1.23828125	0.25414265416788007
1.2421875	0.24860173134405586
1.24609375	0.24372759333497812
1.25	0.2394681291737711
1.25390625	0.23577335247731349
1.2578125	0.2325954014462391
1.26171875	0.22988853886493613
1.265625	0.2276091521015477
1.26953125	0.22571575310797196
1.2734375	0.22416897841986122
1.27734375	0.22293158915662298
1.28125	0.2219684710214194
1.28515625	0.22124663430116742
1.2890625	0.22073521386653844
1.29296875	0.22040546917195925
1.296875	0.22023078425561038
1.30078125	0.22018666773942835
1.3046875	0.22025075282910334
1.30859375	0.22040279731408088
1.3125	0.2206246835675613
1.31640625	0.2209004216739963
1.3203125	0.22121672380791862
1.32421875	0.22156367555738635
1.328125	0.22193365008811122
1.33203125	0.2223211451495604
1.3359375	0.22272278307495483
1.33984375	0.22313731078127128
1.34375	0.2235658587224351
1.34765625	0.22400706170161402
1.3515625	0.2244551015757225
1.35546875	0.224904855691982
1.359375	0.22535206932587695
1.36328125	0.22579335568115483
1.3671875	0.22622619588982562
1.37109375	0.2266489390121624
1.375	0.22706080203670084
1.37890625	0.22746186988023984
1.3828125	0.22785309538784065
1.38671875	0.22823629933282769
1.390625	0.22861417041678836
1.39453125	0.22899026526957253
1.3984375	0.2293690084492932
1.40234375	0.22975569244232605
1.40625	0.2301564776633096
1.41015625	0.23057839245514533
1.4140625	0.23102933308899765
1.41796875	0.2315180582154891
1.421875	0.2320537798223656
1.42578125	0.23264588324899477
1.4296875	0.2333044401849015
1.43359375	0.23403997799145243
1.4375	0.23485424855665318
1.44140625	0.2357483867004809
1.4453125	0.23679920291807188
1.44921875	0.23808937086675497
1.453125	0.23970067282917493
1.45703125	0.24171399971329224
1.4609375	0.24420935105238353
1.46484375	0.24726583500504143
1.46875	0.2509616683551745
1.47265625	0.255374176512007
1.4765625	0.2605797935100791
1.48046875	0.2666540620092474
1.484375	0.27367163329468414
1.48828125	0.2817062672768771
1.4921875	0.29083083249163055
1.49609375	0.3011173061000645
1.5	0.3126561632007071
1.50390625	0.32558923825228425
1.5078125	0.3396503594066488
1.51171875	0.3544988185059368
1.515625	0.36980194286807433
1.51953125	0.3852351197893863
1.5234375	0.40048273871357726
1.52734375	0.4152384885384805
1.53125	0.4292041789452894
1.53515625	0.4420896550909885
1.5390625	0.4536127976083544
1.54296875	0.46349952260595423
1.546875	0.4714837816681469
1.55078125	0.47730756185508305
1.5546875	0.4807208857027038
1.55859375	0.4814818112227426
1.5625	0.479353482283698
1.56640625	0.4741295752536664
1.5703125	0.4661546266754933
1.57421875	0.4559151139968911
1.578125	0.4438662819296246
1.58203125	0.4304321424495108
1.5859375	0.41600547479641853
1.58984375	0.4009478254742688
1.59375	0.3855895082510352
1.59765625	0.37022960415874284
1.6015625	0.3551359614934693
1.60546875	0.3405451958153445
1.609375	0.32666268994854974
1.61328125	0.3136625939813195
1.6171875	0.3016878252659397
1.62109375	0.2908499579748324
1.625	0.2812266786549778
1.62890625	0.2728617209096492
1.6328125	0.26576273682765117
1.63671875	0.25973865802152074
1.640625	0.2546846814361923
1.64453125	0.2504322447885585
1.6484375	0.24661747172543277
1.65234375	0.24268117182354854
1.65625	0.23786884058955984
1.66015625	0.23123065946004048
1.6640625	0.22162145413987883
1.66796875	0.2077803438480635
1.671875	0.1893307131137253
1.67578125	0.16720224542919335
1.6796875	0.14353130618041873
1.68359375	0.12166094264697355
1.6875	0.10614088400205132
1.69140625	0.10272754131246718
1.6953125	0.1183840075386577
1.69921875	0.15893207003819892
1.703125	0.22912531139087797
1.70703125	0.3332243143600023
1.7109375	0.4697660497392823
1.71484375	0.6315088799750177
1.71875	0.8054325591660967
1.72265625	0.9727385222044815
1.7265625	1.1083502052195817
1.73046875	1.18633987167174
1.734375	1.1989840742966735
1.73828125	1.1464002667617565
1.7421875	1.0346330732957147
1.74609375	0.8756542886886277
1.75	0.6873628782919264
1.75390625	0.4935849780183944
1.7578125	0.3238959449441943
1.76171875	0.19230685005612738
1.765625	0.09652882786221786
1.76953125	0.03649969719492734
1.7734375	0.009779306286410952
1.77734375	0.011549532768514975
1.78125	0.034614283672780105
1.78515625	0.0694906766518585
1.7890625	0.10777317960054104
1.79296875	0.14434412412959832
1.796875	0.1756699114498656
1.80078125	0.1998224619867429
1.8046875	0.21647921538019474
1.80859375	0.2269231304847508
1.8125	0.2338168818360408
1.81640625	0.23861779201651712
1.8203125	0.2420951211997508
1.82421875	0.24495276339179103
1.828125	0.2477244547539498
1.83203125	0.2507760428680482
1.8359375	0.25430918261811847
1.83984375	0.25836089212553315
1.84375	0.2628410728286247
1.84765625	0.2678296644412139
1.8515625	0.27338988812014703
1.85546875	0.2795594874857696
1.859375	0.28637073887398096
1.86328125	0.29385045133623283
1.8671875	0.30201996663952974
1.87109375	0.31089515926642985
1.875	0.32048643641504376
1.87890625	0.33079873799903486
1.8828125	0.34183153664762017
1.88671875	0.35365150786887306
1.890625	0.3662959205655437
1.89453125	0.3796570168453981
1.8984375	0.3936242882570344
1.90234375	0.40808551920228414
1.90625	0.42292678693621427
1.91015625	0.4380324615671248
1.9140625	0.45328520605655015
1.91796875	0.4685659762192595
1.921875	0.4837540207232556
1.92578125	0.49872776853432643
1.9296875	0.5133711665313474
1.93359375	0.5275699731714445
1.9375	0.5412082633415874
1.94140625	0.5541684047819796
1.9453125	0.5663310580860589
1.94921875	0.577575176700497
1.953125	0.5877780069251999
1.95703125	0.596815087913308
1.9609375	0.6045602516711955
1.96484375	0.6108856230584713
1.96875	0.6156616197879781
1.97265625	0.6187569524257925
1.9765625	0.620033775328875
1.98046875	0.6193841142287236
1.984375	0.6168902196887335
1.98828125	0.6126655661247691
1.9921875	0.6068252392471665
1.99609375	0.5994859360607334
2.0	0.5907659648647493
2.00390625	0.5807852452529654
2.0078125	0.5696653081136042
2.01171875	0.5575292956293597
2.015625	0.5445019612773986
2.01953125	0.5307096698293575
2.0234375	0.5162803973513465
2.02734375	0.5013423047193281
2.03125	0.48601652881037943
2.03515625	0.47042258523193486
2.0390625	0.4546816401212423
2.04296875	0.43891708035157145
2.046875	0.42325434330516987
2.05078125	0.40782048735523396
2.0546875	0.3927441821694319
2.05859375	0.3781557087099029
2.0625	0.36418695923325817
2.06640625	0.3509714372905809
2.0703125	0.33859085703026226
2.07421875	0.32700458259566156
2.078125	0.3161995724228989
2.08203125	0.30616107230401435
2.0859375	0.2968714421698814
2.08984375	0.28831015609020666
2.09375	0.28045380227352984
2.09765625	0.27327608306722423
2.1015625	0.266747814957496
2.10546875	0.2608369285693847
2.109375	0.2555084686667632
2.11328125	0.2507245941523376
2.1171875	0.24644457806764702
2.12109375	0.24262480759306426
2.125	0.23921878404779484
2.12890625	0.23617924672142226
2.1328125	0.2334657293500588
2.13671875	0.23103763632179294
2.140625	0.22885148636300412
2.14453125	0.2268609123389058
2.1484375	0.22501738449133946
2.15234375	0.2233098233093048
2.15625	0.22173630114801415
2.16015625	0.22028308780724887
2.1640625	0.218937866845702
2.16796875	0.2176897355809779
2.171875	0.21652920508959356
2.17578125	0.2154482002069768
2.1796875	0.21444005952746772
2.18359375	0.21349953540431793
2.1875	0.21262279394969114
2.19140625	0.2118074150346624
2.1953125	0.2110523922892187
2.19921875	0.2103581331022588
2.203125	0.20972645862159306
2.20703125	0.20916060375394394
2.2109375	0.20866521716494524
2.21484375	0.2082463612791426
2.21875	0.2079115122799938
2.22265625	0.20766956010986776
2.2265625	0.20753210970084857
2.23046875	0.20751701914234474
2.234375	0.20761286382968056
2.23828125	0.20780317266881856
2.2421875	0.20807368195330453
2.24609375	0.2084119512609942
2.25	0.20880735017799915
2.25390625	0.20925145302191783
2.2578125	0.20973805790669847
2.26171875	0.21026318674263933
2.265625	0.21082508523638854
2.26953125	0.21142422289094398
2.2734375	0.21206329300565344
2.27734375	0.21274721267621463
2.28125	0.21348312279467507
2.28515625	0.2142803880494323
2.2890625	0.2151505969252333
2.29296875	0.21610756170317547
2.296875	0.21716731846070556
2.30078125	0.2183481270716204
2.3046875	0.21967047120606692
2.30859375	0.2211523434108299
2.3125	0.22277717791637797
2.31640625	0.22465444689117964
2.3203125	0.22691850717813833
2.32421875	0.22969044397466531
2.328125	0.23307807583314225
2.33203125	0.2371784898961997
2.3359375	0.24208216727956253
2.33984375	0.24786739755369963
2.34375	0.25459919864358677
2.34765625	0.2623293168287066
2.3515625	0.2710962267430492
2.35546875	0.2809251313751115
2.359375	0.2918279620678983
2.36328125	0.3038033785189203
2.3671875	0.3168491323002896
2.37109375	0.3310156438156462
2.375	0.3459301560662709
2.37890625	0.3611361665850325
2.3828125	0.376207952762244
2.38671875	0.39075057184566236
2.390625	0.40439986094048874
2.39453125	0.4168224370093686
2.3984375	0.4277156968723911
2.40234375	0.4368078172070899
2.40625	0.44385775454844223
2.41015625	0.44865524528887024
2.4140625	0.4510208056782391
2.41796875	0.45080573182385913
2.421875	0.447892099690484
2.42578125	0.44218363113351083
2.4296875	0.4336350885934124
2.43359375	0.4226901871915624
2.4375	0.4098619160794129
2.44140625	0.39562385900265734
2.4453125	0.3804105889208648
2.44921875	0.3646178063120634
2.453125	0.34860240720122976
2.45703125	0.3326822910979585
2.4609375	0.31713634408555497
2.46484375	0.30220443882103626
2.46875	0.28808743453513
2.47265625	0.27494717703227545
2.4765625	0.2629064986906227
2.48046875	0.252049218462033
2.484375	0.24242014187207914
2.48828125	0.2340250610200445
2.4921875	0.2268307484050449
2.49609375	0.2207217677182793
2.5	0.21550897675223515
2.50390625	0.21089659635720995
2.5078125	0.20642928590188692
2.51171875	0.2014921432733344
2.515625	0.19531070487700702
2.51953125	0.1869509456367447
2.5234375	0.17531927899477331
2.52734375	0.1591620951187434
2.53125	0.13790822976492434
2.53515625	0.11359589819844498
2.5390625	0.08953914817397707
2.54296875	0.07000647009903208
2.546875	0.06022078763720428
2.55078125	0.0663594577081704
2.5546875	0.09547191646047022
2.55859375	0.15228877396034676
2.5625	0.24184877262254925
2.56640625	0.36542802642706224
2.5703125	0.5181802879937449
2.57421875	0.6891369485823318
2.578125	0.8612070380924319
2.58203125	1.011155875791404
2.5859375	1.11217970464476
2.58984375	1.1490842431666686
2.59375	1.1170248183899931
2.59765625	1.0194370769798942
2.6015625	0.8680369852338307
2.60546875	0.6828208290815583
2.609375	0.49206521408513054
2.61328125	0.32189109911709435
2.6171875	0.18019212391690917
2.62109375	0.07255559558094099
2.625	0.0012595571829132843
2.62890625	-0.034731888347281276
2.6328125	-0.03976852308678177
2.63671875	-0.021512183983666035
2.640625	0.010226060621546502
2.64453125	0.04792830619320859
2.6484375	0.08544965482049241
2.65234375	0.11841114834941886
2.65625	0.14423552368404502
2.66015625	0.16214725543194805
2.6640625	0.17317256227432812
2.66796875	0.1800616460445786
2.671875	0.18469795542524475
2.67578125	0.18774230328401487
2.6796875	0.18991488878735627
2.68359375	0.19178728521925484
2.6875	0.19378243998121333
2.69140625	0.19617467459225274
2.6953125	0.19908968468891142
2.69921875	0.20250454002524534
2.703125	0.20633320974490543
2.70703125	0.21069931686944282
2.7109375	0.2156652638439176
2.71484375	0.22127865290075233
2.71875	0.22757989545930207
2.72265625	0.23460221212585552
2.7265625	0.2423716326936343
2.73046875	0.25090699614279294
2.734375	0.26021981697447377
2.73828125	0.2703115576320627
2.7421875	0.2811737420952806
2.74609375	0.29279059259534224
2.75	0.3051898937163004
2.75390625	0.3184984355685314
2.7578125	0.3325732978550137
2.76171875	0.34724762748560434
2.765625	0.36235921375370816
2.76953125	0.3777504883362774
2.7734375	0.39326852529381195
2.77734375	0.4087650410703598
2.78125	0.4240963944935156
2.78515625	0.439123586774423
2.7890625	0.45371226150777205
2.79296875	0.4677327046718012
2.796875	0.4810598446282965
2.80078125	0.493573252122591
2.8046875	0.5051571402835662
2.80859375	0.5157003646236509
2.8125	0.5250964230388216
2.81640625	0.5332434558086023
2.8203125	0.5400442455960645
2.82421875	0.5454062174478282
2.828125	0.54924143879406
2.83203125	0.5514666194484744
2.8359375	0.5520031093845711
2.83984375	0.5507768688047844
2.84375	0.5477054004969837
2.84765625	0.5426409738042622
2.8515625	0.5357216135936747
2.85546875	0.5271473851051629
2.859375	0.5171103451502359
2.86328125	0.5057945436531962
2.8671875	0.4933760240352054
2.87109375	0.48002282321428247
2.875	0.4658949716053053
2.87890625	0.45114449312000887
2.8828125	0.4359154051669874
2.88671875	0.4203437186516923
2.890625	0.4045574379764334
2.89453125	0.3886765610403788
2.8984375	0.3728130792395546
2.90234375	0.357070977466845
2.90625	0.34154623411199236
2.91015625	0.32632682106159716
2.9140625	0.31149270369911797
2.91796875	0.29711584090487136
2.921875	0.2832601850560323
2.92578125	0.2699816820266334
2.9296875	0.2573282711875661
2.93359375	0.2453398854065792
2.9375	0.23404905527391484
2.94140625	0.2234865021851182
2.9453125	0.2136785787728638
2.94921875	0.2046452710709958
2.953125	0.19638042557449722
2.95703125	0.1888378892208366
2.9609375	0.18197095565966234
2.96484375	0.17573500770570596
2.96875	0.17008751733878258
2.97265625	0.16498804570379053
2.9765625	0.1603982431107112
2.98046875	0.1562818490346102
2.984375	0.1526046921156358
2.98828125	0.14933469015901996
2.9921875	0.14644185013507763
2.99609375	0.14389826817920762
3.0	0.14167812959189197
3.00390625	0.13975770883869595
3.0078125	0.1381153695502686
3.01171875	0.13673156452234142
3.015625	0.13558883571573038
3.01953125	0.13467181425633404
3.0234375	0.13396722043513495
3.02734375	0.13346386370819857
3.03125	0.13315264269667387
3.03515625	0.1330265451867932
3.0390625	0.13307916617070045
3.04296875	0.1332950607519345
3.046875	0.13365581523273304
3.05078125	0.13414507968542128
3.0546875	0.13474859334740752
3.05859375	0.1354541971548292
3.0625	0.1362543132519741
3.06640625	0.1371486464799954
3.0703125	0.13811840612643414
3.07421875	0.13914359465780055
3.078125	0.1402056605238423
3.08203125	0.1412874981575461
3.0859375	0.14237344797513624
3.08984375	0.14344929637607576
3.09375	0.1445022757430656
3.09765625	0.14552106444204516
3.1015625	0.14649578682219214
3.10546875	0.14741801321592227
3.109375	0.1482807599388895
3.11328125	0.1490784892899865
3.1171875	0.14980710955134358
3.12109375	0.1504639749883295
3.125	0.1510478858495514
3.12890625	0.15155908836685475
3.1328125	0.15199927475532285
3.13671875	0.15237158321327773
3.140625	0.15268285286983638
3.14453125	0.15295401356778582
3.1484375	0.15321184584364178
3.15234375	0.15348458071439658
3.15625	0.15380189518028028
3.16015625	0.15419296727408457
3.1640625	0.15463910871038714
3.16796875	0.15524737093006605
3.171875	0.1561724502298194
3.17578125	0.15755599627803513
3.1796875	0.1595266121147919
3.18359375	0.1621998541518588
3.1875	0.16567823217269556
3.19140625	0.17005120933245196
3.1953125	0.1753952021579684
3.19921875	0.1817735805477758
3.203125	0.1892366677720953
3.20703125	0.19782174047283882
3.2109375	0.20755302866360836
3.21484375	0.21844171572969645
3.21875	0.2304859384280863
3.22265625	0.24369040822627872
3.2265625	0.25813208685122496
3.23046875	0.2733884983593661
3.234375	0.28895692961071073
3.23828125	0.30437705649414354
3.2421875	0.319228177630142
3.24609375	0.3331202791805866
3.25	0.3457026428477764
3.25390625	0.3566669393439512
3.2578125	0.36574722841022667
3.26171875	0.37271993697101
3.265625	0.3774037195270559
3.26953125	0.3796595472444941
3.2734375	0.3793907799769936
3.27734375	0.3765431666070998
3.28125	0.3711048450462345
3.28515625	0.3631036642767184
3.2890625	0.35276271922072233
3.29296875	0.3405849124360403
3.296875	0.32705547380833105
3.30078125	0.3126170745983326
3.3046875	0.29766982744186254
3.30859375	0.2825712863498189
3.3125	0.26763644670817893
3.31640625	0.253137745278
3.3203125	0.2393050601954191
3.32421875	0.22632571097165294
3.328125	0.21434445849299807
3.33203125	0.203463505020831
3.3359375	0.19374249419160777
3.33984375	0.18519851191966574
3.34375	0.17799647927543677
3.34765625	0.1726786729000958
3.3515625	0.1684131619929451
3.35546875	0.16430425640623728
3.359375	0.15957664879492928
3.36328125	0.1535754146166826
3.3671875	0.14576601213186316
3.37109375	0.1357342824035411
3.375	0.1231864492974911
3.37890625	0.10794911948219231
3.3828125	0.08996928242882822
3.38671875	0.06931431041128672
3.390625	0.04617195850616022
3.39453125	0.02129222849741464
3.3984375	0.0021644040111854623
3.40234375	-0.001268411401957676
3.40625	0.018491687794097253
3.41015625	0.06645628843298201
3.4140625	0.14515065864584942
3.41796875	0.25461374786137214
3.421875	0.39239818680574284
3.42578125	0.5535702875026758
3.4296875	0.7291457025757674
3.43359375	0.8930216476850835
3.4375	1.0169524506871415
3.44140625	1.0818392019348242
3.4453125	1.0778004790568505
3.44921875	1.0041704071716906
3.453125	0.8696180096535023
3.45703125	0.6957931624637929
3.4609375	0.5087154182997844
3.46484375	0.3291476179175587
3.46875	0.17230510555134745
3.47265625	0.047855675878543065
3.4765625	-0.03903282202784081
3.48046875	-0.08429806101188005
3.484375	-0.09674088413948558
3.48828125	-0.08604419916715113
3.4921875	-0.06053916742449941
3.49609375	-0.027205203814281917
3.5	0.008330023187620689
3.50390625	0.04179059153219835
3.5078125	0.07025232559731333
3.51171875	0.09214279618769679
3.515625	0.10724132053495344
3.51953125	0.11667896229755648
3.5234375	0.12292935006744306
3.52734375	0.12790944413983377
3.53125	0.13186278531587778
3.53515625	0.1352096634878604
3.5390625	0.13831028068140763
3.54296875	0.1414647410163935
3.546875	0.1449119673680743
3.55078125	0.14882873357073423
3.5546875	0.15333149724913314
3.55859375	0.15847662816137065
3.5625	0.1642604081988865
3.56640625	0.1706190313864613
3.5703125	0.17749841938312283
3.57421875	0.18500269274922074
3.578125	0.19317994684327325
3.58203125	0.2020626773372619
3.5859375	0.21167115840105316
3.58984375	0.22201344270239828
3.59375	0.2330853614069337
3.59765625	0.2448705241781809
3.6015625	0.2573403191775466
3.60546875	0.270453913064322
3.609375	0.2841582509956838
3.61328125	0.2983880566266936
3.6171875	0.31306583211029776
3.62109375	0.3281018580973282
3.625	0.3433941937365014
3.62890625	0.35882867667441876
3.6328125	0.3743006592032631
3.63671875	0.38975515249860415
3.640625	0.4049943274944266
3.64453125	0.4198142641011858
3.6484375	0.43402784923168436
3.65234375	0.44746599740240367
3.65625	0.4599741212506169
3.66015625	0.4714118257896866
3.6640625	0.48165290840906344
3.66796875	0.4905853584280462
3.671875	0.4981113483899215
3.67578125	0.5041472346398922
3.6796875	0.5086235655687502
3.68359375	0.5114850819433758
3.6875	0.512690716906738
3.69140625	0.5122135959778941
3.6953125	0.5100410370519903
3.69921875	0.506174550400262
3.703125	0.5006284500589248
3.70703125	0.4933276601084598
3.7109375	0.484359486620354
3.71484375	0.4739193922129524
3.71875	0.46219550796794856
3.72265625	0.44936863343038425
3.7265625	0.4356122366086489
3.73046875	0.42109245397448075
3.734375	0.40596809046296606
3.73828125	0.3903906194725391
3.7421875	0.37450418286498316
3.74609375	0.35844551433475125
3.75	0.34234172555643466
3.75390625	0.3263099676777866
3.7578125	0.31045991557436453
3.76171875	0.294893912585074
3.765625	0.27970697051216936
3.76953125	0.2649867696212524
3.7734375	0.2508136586412739
3.77734375	0.2372606547645326
3.78125	0.22439344364667513
3.78515625	0.21227037940669682
3.7890625	0.20094248462694078
3.79296875	0.19045345035309888
3.796875	0.1808511825619366
3.80078125	0.17213993699890873
3.8046875	0.16426476556609218
3.80859375	0.15717150202991617
3.8125	0.15080770928102244
3.81640625	0.14512267933426448
3.8203125	0.14006743332870772
3.82421875	0.13559472152762994
3.828125	0.13165902331852064
3.83203125	0.12821654721308157
3.8359375	0.12522523084722648
3.83984375	0.12264474098108114
3.84375	0.12043647349898315
3.84765625	0.11856365402253254
3.8515625	0.11699316535871603
3.85546875	0.11569535467805178
3.859375	0.11464236018967686
3.86328125	0.11380804922694049
3.8671875	0.11316801824740391
3.87109375	0.1126995906493577
3.875	0.1123817274509509
3.87890625	0.11219499594804229
3.8828125	0.11212168393780993
3.88671875	0.11214580834164468
3.890625	0.11225311520514933
3.89453125	0.11243107969813826
3.8984375	0.11266890611463855
3.90234375	0.11295752787288851
3.90625	0.11328960751533933
3.91015625	0.11365953670865364
3.9140625	0.1140634362437067
3.91796875	0.11450424205394884
3.921875	0.1150025743050431
3.92578125	0.11555175183943185
3.9296875	0.11614258471623749
3.93359375	0.11676736530285846
3.9375	0.11741986827497
3.94140625	0.11809535061652342
3.9453125	0.11879055161974628
3.94921875	0.1195034849924327
3.953125	0.12023091458166539
3.95703125	0.12096916151548681
3.9609375	0.12171598899607068
3.96484375	0.122470642533867
3.96875	0.12323384994760214
3.97265625	0.12400782136427888
3.9765625	0.12479624921917606
3.98046875	0.12560430825584937
3.984375	0.12643865552613032
3.98828125	0.12730743039012707
3.9921875	0.12822025451622426
3.99609375	0.1291882318810825
4.0	0.13022394876963894
4.00390625	0.1313414737751071
4.0078125	0.13255635779897706
4.01171875	0.13388563405101458
4.015625	0.1353478180492624
4.01953125	0.13695705761365065
4.0234375	0.13866580739478124
4.02734375	0.14059201666255142
4.03125	0.14289433004760568
4.03515625	0.1457141657122972
4.0390625	0.14917571535068608
4.04296875	0.15338594418854062
4.046875	0.15843459098333726
4.05078125	0.16439453807237547
4.0546875	0.17132492516908115
4.05859375	0.17926957729256554
4.0625	0.18825511267516892
4.06640625	0.1982909230809388
4.0703125	0.2093691738056308
4.07421875	0.2214648047253862
4.078125	0.23453565613804966
4.08203125	0.24852258831242316
4.0859375	0.26340109303979115
4.08984375	0.27895965440401427
4.09375	0.2946722384649766
4.09765625	0.31005027770941535
4.1015625	0.32465264181730563
4.10546875	0.33808563766185934
4.109375	0.3500030093095265
4.11328125	0.3601059380199934
4.1171875	0.3681430422461847
4.12109375	0.37391037763426177
4.125	0.3772514370236238
4.12890625	0.37805715044690696
4.1328125	0.37626588512998477
4.13671875	0.3718634454919686
4.140625	0.3648830731452065
4.14453125	0.35539232679442784
4.1484375	0.34374142193318363
4.15234375	0.3304389752227994
4.15625	0.31595255354857193
4.16015625	0.3007089085566226
4.1640625	0.28509468036563285
4.16796875	0.2694564001143705
4.171875	0.2541004899616902
4.17578125	0.23929326308653315
4.1796875	0.22526092368792705
4.18359375	0.21218956698498595
4.1875	0.20022517921691108
4.19140625	0.18947363764298947
4.1953125	0.18000071054259528
4.19921875	0.17183214300149188
4.203125	0.16496639505800015
4.20703125	0.15928771391938296
4.2109375	0.15455736037175608
4.21484375	0.15044176234168952
4.21875	0.14651251489620842
4.22265625	0.14224638024279246
4.2265625	0.13702528772937644
4.23046875	0.1301363338443496
4.234375	0.12077178221655599
4.23828125	0.10802906361529477
4.2421875	0.09091077595031945
4.24609375	0.06709066373271964
4.25	0.0373028651017503
4.25390625	0.011140583755969078
4.2578125	-0.0030142290241609105
4.26171875	0.0015039340452488743
4.265625	0.029645431182029836
4.26953125	0.08464547220266168
4.2734375	0.16802411852227345
4.27734375	0.27958628304169386
4.28125	0.4174216214865465
4.28515625	0.5779043295556069
4.2890625	0.753866309837762
4.29296875	0.9196584871093151
4.296875	1.0460309020917422
4.30078125	1.1132022566677182
4.3046875	1.111002053755781
4.30859375	1.0388705973103332
4.3125	0.9058590388440194
4.31640625	0.7332558760435702
4.3203125	0.5472581542458498
4.32421875	0.3688486576166013
4.328125	0.21333986654469464
4.33203125	0.09037395764212838
4.3359375	0.00484031567009268
4.33984375	-0.04076260321709094
4.34375	-0.05475468805043096
4.34765625	-0.04596767554467521
4.3515625	-0.022110965524317197
4.35546875	0.010230854894625822
4.359375	0.045605255945126794
4.36328125	0.07968443000128984
4.3671875	0.10926290632689087
4.37109375	0.1322575510753778
4.375	0.1477643099240611
4.37890625	0.15768969965116789
4.3828125	0.16403280980514842
4.38671875	0.16798939639617827
4.390625	0.17055339058188568
4.39453125	0.17251689866735256
4.3984375	0.1744702021051134
4.40234375	0.1768017574951562
4.40625	0.1796981965849228
4.41015625	0.1831443262693071
4.4140625	0.18693787285961627
4.41796875	0.1911500755049328
4.421875	0.19593337703696928
4.42578125	0.2013446766927686
4.4296875	0.2074336230293346
4.43359375	0.214242613923633
4.4375	0.2218067965725912
4.44140625	0.23015406749309722
4.4453125	0.23930507252200078
4.44921875	0.24927320681611362
4.453125	0.2600646123306125
4.45703125	0.2716747766491222
4.4609375	0.2840818046658767
4.46484375	0.29732579934955927
4.46875	0.31150790423227703
4.47265625	0.32646268145498986
4.4765625	0.3420143161248095
4.48046875	0.35799232262005015
4.484375	0.37423158526221634
4.48828125	0.39057249300756397
4.4921875	0.40686081133639634
4.49609375	0.42294763500090277
4.5	0.4386893880244745
4.50390625	0.45394782370170234
4.5078125	0.46859002459837856
4.51171875	0.4824884025514965
4.515625	0.49552069866924997
4.51953125	0.5075699833310334
4.5234375	0.5185246561874431
4.52734375	0.5282784461602754
4.53125	0.5367304114425275
4.53515625	0.5437849394983979
4.5390625	0.5493517470632853
4.54296875	0.55334588014379
4.546875	0.5556877140177124
4.55078125	0.5563029532340545
4.5546875	0.5551226428105306
4.55859375	0.5520752673428307
4.5625	0.5470442480360462
4.56640625	0.5401738916110814
4.5703125	0.5316658285308706
4.57421875	0.5217138968091839
4.578125	0.5105041420106273
4.58203125	0.49821481725064365
4.5859375	0.4850163831955116
4.58984375	0.47107150806234654
4.59375	0.45653506761909984
4.59765625	0.44155414518455893
4.6015625	0.4262680316283475
4.60546875	0.41080822537092615
4.609375	0.3952984323835908
4.61328125	0.3798545661884741
4.6171875	0.3645847478585452
4.62109375	0.34958930601760874
4.625	0.3349607768403061
4.62890625	0.3207839040521152
4.6328125	0.3071356389293495
4.63671875	0.29408514029915944
4.640625	0.28169377453953104
4.64453125	0.270015115579287
4.6484375	0.2590949448980858
4.65234375	0.248971251526423
4.65625	0.2396742223162113
4.66015625	0.23122662733281046
4.6640625	0.22363659758161364
4.66796875	0.21685710631449273
4.671875	0.2108334159007467
4.67578125	0.20551279699060257
4.6796875	0.200844528515216
4.68359375	0.19677989768667037
4.6875	0.1932721769153541
4.69140625	0.19027649543483002
4.6953125	0.18774992970214668
4.69921875	0.18565156428666751
4.703125	0.18394249203868404
4.70703125	0.18258581408941632
4.7109375	0.18154663985101258
4.71484375	0.18079208701654875
4.71875	0.1802912815600293
4.72265625	0.18001535773638702
4.7265625	0.17993745808148245
4.73046875	0.18003273341210466
4.734375	0.18027834282597083
4.73828125	0.18065345370172622
4.7421875	0.1811392416989442
4.74609375	0.18171889075812653
4.75	0.18237759310070306
4.75390625	0.18310254922903174
4.7578125	0.18388295233500396
4.76171875	0.18470931471305374
4.765625	0.18557321041487052
4.76953125	0.18646815308276338
4.7734375	0.18738966463996884
4.77734375	0.18833527529065225
4.78125	0.18930452351990704
4.78515625	0.19030226279597753
4.7890625	0.19132723979418184
4.79296875	0.19236747269119572
4.796875	0.19341240326626655
4.80078125	0.1944530149839306
4.8046875	0.19548183299401373
4.80859375	0.19649292413163102
4.8125	0.19748189691718665
4.81640625	0.19844590155637434
4.8203125	0.1993836299401767
4.82421875	0.2002953156448663
4.828125	0.2011827339320044
4.83203125	0.2020492017484417
4.8359375	0.2028995777263183
4.83984375	0.20374026218306368
4.84375	0.20457919712139613
4.84765625	0.2054258662293238
4.8515625	0.20629129488014372
4.85546875	0.20718805013244254
4.859375	0.20813029476027373
4.86328125	0.2091351555804329
4.8671875	0.21022283106171674
4.87109375	0.2114151369461317
4.875	0.2127285356349845
4.87890625	0.2141549313762874
4.8828125	0.21580716803889596
4.88671875	0.21781458492659794
4.890625	0.2202967502526971
4.89453125	0.2233638387554357
4.8984375	0.2271164602478402
4.90234375	0.23164541613960946
4.90625	0.23703169624899173
4.91015625	0.24334647880278493
4.9140625	0.2506511304363365
4.91796875	0.25899720619354394
4.921875	0.26842644952685335
4.92578125	0.27897079229726185
4.9296875	0.2906523547743146
4.93359375	0.3034834456361077
4.9375	0.3175617350142994
4.94140625	0.3326850377336192
4.9453125	0.34839879663437523
4.94921875	0.36427583427947335
4.953125	0.3799164998592263
4.95703125	0.3949486691913519
4.9609375	0.4090276346442027
4.96484375	0.42183431790483283
4.96875	0.4330755671411922
4.97265625	0.44248570704541756
4.9765625	0.4498265889370523
4.98046875	0.4548875907630452
4.984375	0.4574856170977519
4.98828125	0.45746509914293393
4.9921875	0.45469799472775885
4.99609375	0.4490612991612097
5.0	0.44063060815007854
5.00390625	0.42991482621521954
5.0078125	0.41741797395992597
5.01171875	0.40360477774213044
5.015625	0.3889006696744037
5.01953125	0.37369178762395483
5.0234375	0.3583249752126316
5.02734375	0.34310778181692053
5.03125	0.32830846256794627
5.03515625	0.3141559783514726
5.0390625	0.3008399958079016
5.04296875	0.2885108873322734
5.046875	0.2772797310742677
5.05078125	0.26721831093820175
5.0546875	0.25835911658303184
5.05859375	0.2506953434223529
5.0625	0.2441799225077794
5.06640625	0.23865224939110846
5.0703125	0.23393991977641324
5.07421875	0.22975584380952382
5.078125	0.22561996334226814
5.08203125	0.2208592519324716
5.0859375	0.21460771484395716
5.08984375	0.20580638904654514
5.09375	0.1932030555428911
5.09765625	0.17573938090077854
5.1015625	0.154020026135165
5.10546875	0.1300622777630247
5.109375	0.10711251985563879
5.11328125	0.08964623403859498
5.1171875	0.08336799949178786
5.12109375	0.09521149294941868
5.125	0.13095554731965842
5.12890625	0.19626019219306673
5.1328125	0.2960306708301578
5.13671875	0.4293004927066268
5.140625	0.5892052692463601
5.14453125	0.7629827138214371
5.1484375	0.9319726417521292
5.15234375	1.0720826475977523
5.15625	1.160072258359814
5.16015625	1.181448560758415
5.1640625	1.131852150381679
5.16796875	1.0170745297439536
5.171875	0.853059645402909
5.17578125	0.6659054920479346
5.1796875	0.4833949721483976
5.18359375	0.32006561261448063
5.1875	0.1864921585880487
5.19140625	0.08880820322025625
5.1953125	0.02870616161822774
5.19921875	0.0034372708450580115
5.203125	0.006328921580455673
5.20703125	0.030339270760494266
5.2109375	0.06617411604109104
5.21484375	0.1059117220209294
5.21875	0.143680767853893
5.22265625	0.1756603472490654
5.2265625	0.20007996847073065
5.23046875	0.21721955433837298
5.234375	0.22909789162657684
5.23828125	0.23725029903327
5.2421875	0.24281954592435823
5.24609375	0.24678882583178505
5.25	0.24995651179693928
5.25390625	0.2529361563706558
5.2578125	0.256156491613215
5.26171875	0.2598614290943431
5.265625	0.26411050771033007
5.26953125	0.2687813185422938
5.2734375	0.2737316749074493
5.27734375	0.27916142786163367
5.28125	0.2851302505533204
5.28515625	0.2916814085934982
5.2890625	0.2988512999714541
5.29296875	0.3066694550547743
5.296875	0.3151585430446816
5.30078125	0.3243345830299377
5.3046875	0.33420699107545854
5.30859375	0.3447783316110416
5.3125	0.3560443014447839
5.31640625	0.3680351661942288
5.3203125	0.38095500239056257
5.32421875	0.3946874228916787
5.328125	0.4090620371357458
5.33203125	0.4239139135919318
5.3359375	0.43908357976040296
5.33984375	0.4544170221723251
5.34375	0.4697656863898628
5.34765625	0.4849864770061799
5.3515625	0.4999417576454397
5.35546875	0.5144993509628035
5.359375	0.5285325386444327
5.36328125	0.5419200614074873
5.3671875	0.5545459869872238
5.37109375	0.5662992056751561
5.375	0.5770738752243221
5.37890625	0.5867696123804158
5.3828125	0.5952914929201302
5.38671875	0.602550051651157
5.390625	0.608461282412188
5.39453125	0.6129466380729129
5.3984375	0.6159330305340209
5.40234375	0.6173528307272007
5.40625	0.6171438686151395
5.41015625	0.6152494331915235
5.4140625	0.6116182724810385
5.41796875	0.6061859938374309
5.421875	0.5989249323008898
5.42578125	0.5900244921148644
5.4296875	0.5796858049322798
5.43359375	0.5681016586799731
5.4375	0.5554564975586925
5.44140625	0.5419264220431007
5.4453125	0.5276791888817713
5.44921875	0.5128742110971908
5.453125	0.49766255798575826
5.45703125	0.4821869551177852
5.4609375	0.46658178433749464
5.46484375	0.4509730837375067
5.46875	0.43547761401598617
5.47265625	0.42020038936013454
5.4765625	0.4052373052525743
5.48046875	0.3906759134498396
5.484375	0.3765954219823778
5.48828125	0.36306669515454776
5.4921875	0.3501522535446218
5.49609375	0.33790627400478374
5.5	0.3263745907903625
5.50390625	0.3155947913308035
5.5078125	0.30559628922759574
5.51171875	0.29640017154409665
5.515625	0.2880249714750212
5.51953125	0.2804714499400648
5.5234375	0.2736828919062598
5.52734375	0.2676003706398528
5.53125	0.2621669554948725
5.53515625	0.2573277119131307
5.5390625	0.2530297014242213
5.54296875	0.24922198164552112
5.546875	0.24585560628218942
5.55078125	0.24288362512716807
5.5546875	0.24026108406118166
5.55859375	0.2379450250527373
5.5625	0.23589448615812464
5.56640625	0.23407050519932107
5.5703125	0.2324388275025222
5.57421875	0.2309747023382673
5.578125	0.2296566638124667
5.58203125	0.22846524211881367
5.5859375	0.22738296353878368
5.58984375	0.22639435044163503
5.59375	0.2254859212844087
5.59765625	0.2246461906119279
5.6015625	0.22386566905679858
5.60546875	0.22313686333940985
5.609375	0.22245427626793254
5.61328125	0.22181440673832045
5.6171875	0.2212157497343102
5.62109375	0.22065879632742066
5.625	0.22014603367695362
5.62890625	0.2196819450299931
5.6328125	0.21927300972140587
5.63671875	0.21892770317384158
5.640625	0.2186564968977318
5.64453125	0.2184717630057014
5.6484375	0.21838106180885128
5.65234375	0.21838340207012624
5.65625	0.2184785269435886
5.66015625	0.21866771641031751
5.6640625	0.21895378727840936
5.66796875	0.21934106600630326
5.671875	0.21983075192734072
5.67578125	0.22041566867303608
5.6796875	0.22108890874701023
5.68359375	0.22184510147990152
5.6875	0.22268041302936492
5.69140625	0.223592546380073
5.6953125	0.22458074134371495
5.69921875	0.22564577455899706
5.703125	0.22678995899552554
5.70703125	0.2280169228691764
5.7109375	0.22933126158815342
5.71484375	0.23073901711267797
5.71875	0.2322477682299889
5.72265625	0.23386663055434187
5.7265625	0.23559887027426094
5.73046875	0.2374153035446709
5.734375	0.2394062093589735
5.73828125	0.24168134883738843
5.7421875	0.2443430320338337
5.74609375	0.2474861179359266
5.75	0.25119801446498385
5.75390625	0.2555586784760204
5.7578125	0.26064061575775055
5.76171875	0.2665088810325875
5.765625	0.27322107795664363
5.76953125	0.2808274426975327
5.7734375	0.28937670703825497
5.77734375	0.2989199491027701
5.78125	0.3095017103774881
5.78515625	0.3211590812825184
5.7890625	0.3339617806647377
5.79296875	0.34797441080887487
5.796875	0.36278625528215197
5.80078125	0.37795637672123067
5.8046875	0.3930720829870016
5.80859375	0.4077489271645859
5.8125	0.42163070756333326
5.81640625	0.4343894677168236
5.8203125	0.44572549638286624
5.82421875	0.45536732754349996
5.828125	0.4630717404049929
5.83203125	0.46862375939784306
5.8359375	0.47183665417677806
5.83984375	0.4725519396207549
5.84375	0.47063937583295984
5.84765625	0.46599696814080915
5.8515625	0.4585530740448002
5.85546875	0.4485294601770066
5.859375	0.43644052236180275
5.86328125	0.422776708594805
5.8671875	0.407991723245626
5.87109375	0.3925023930022338
5.875	0.37668370245503924
5.87890625	0.3608673340812145
5.8828125	0.34534779485627026
5.88671875	0.33038284812971414
5.890625	0.31619351362505094
5.89453125	0.30296406743978316
5.8984375	0.29084204204540975
5.90234375	0.27993822628742765
5.90625	0.2703266653856989
5.91015625	0.2620433128168298
5.9140625	0.2549338987937312
5.91796875	0.24893415211905412
5.921875	0.24397357281005855
5.92578125	0.23980971265234818
5.9296875	0.23602817519987213
5.93359375	0.23204261577492258
5.9375	0.22709474146813724
5.94140625	0.22025431113849772
5.9453125	0.21041913541332935
5.94921875	0.19631533309731652
5.953125	0.1771122050810489
5.95703125	0.1542002024332004
5.9609375	0.1303834539413416
5.96484375	0.10959740540490685
5.96875	0.096908819635195
5.97265625	0.09851584540783345
5.9765625	0.12149187610187122
5.98046875	0.1707194244897378
5.984375	0.25251841189156554
5.98828125	0.36899844274980315
5.9921875	0.5163276257629248
5.99609375	0.6847325738854312
6.0	0.858498404327848
6.00390625	1.0162290443753033
6.0078125	1.1332415926494186
6.01171875	1.1890565465921732
6.015625	1.1737231167365103
6.01953125	1.0881683908011692
6.0234375	0.9441973336906893
6.02734375	0.7644927874954071
6.03125	0.5777879165301596
6.03515625	0.40201659772549386
6.0390625	0.25053395392571737
6.04296875	0.13212558934610766
6.046875	0.05092822363292898
6.05078125	0.006429691863432653
6.0546875	-0.006483488859329983
6.05859375	0.0059949041511951
6.0625	0.035306983950982834
6.06640625	0.07264809426610462
6.0703125	0.11117420198019068
6.07421875	0.146001970601615
6.078125	0.17420983054216838
6.08203125	0.19483773913636937
6.0859375	0.20888556947534243
6.08984375	0.21841167448010826
6.09375	0.22467642578691724
6.09765625	0.22873826317179857
6.1015625	0.2314871619138733
6.10546875	0.23364463279535422
6.109375	0.23576372210154592
6.11328125	0.23822885930894303
6.1171875	0.24125511994891397
6.12109375	0.24488879311385292
6.125	0.24900770295518762
6.12890625	0.25343674495430135
6.1328125	0.2583723248199266
6.13671875	0.2638859280230039
6.140625	0.27002003379986644
6.14453125	0.27680968985593457
6.1484375	0.2842825123657161
6.15234375	0.292458685972806
6.15625	0.3013509637898866
6.16015625	0.310964667398727
6.1640625	0.32129768685018434
6.16796875	0.3323404806642026
6.171875	0.34407607582981276
6.17578125	0.3565470591887341
6.1796875	0.36978443361817703
6.18359375	0.3836479003591662
6.1875	0.39799589895231985
6.19140625	0.4126889705806651
6.1953125	0.42758975806963706
6.19921875	0.44256300588707864
6.203125	0.45747556014324126
6.20703125	0.4721963685907843
6.2109375	0.4865964806247747
6.21484375	0.5005490472826877
6.21875	0.513929321244407
6.22265625	0.526614656832224
6.2265625	0.5384845100108383
6.23046875	0.5494204383873575
6.234375	0.5593061012112975
6.23828125	0.5680272593745814
6.2421875	0.5754717754115419
6.24609375	0.5815296134989183
6.25	0.5860928394558588
6.25390625	0.5890556207439194
6.2578125	0.5903142264670641
6.26171875	0.5897375285666325
6.265625	0.587038418467509
6.26953125	0.5823282358155286
6.2734375	0.5758022245676029
6.27734375	0.5676484287968498
6.28125	0.5580464274611349
6.28515625	0.547168088490353
6.2890625	0.5351782569278952
6.29296875	0.5222347592622099
6.296875	0.5084884034268018
6.30078125	0.494082978800233
6.3046875	0.47915525620612187
6.30859375	0.46383498791314404
6.3125	0.4482449076350314
6.31640625	0.4325008543358309
6.3203125	0.4167127721313136
6.32421875	0.40098418533115054
6.328125	0.3854116052727268
6.33203125	0.3700845247384833
6.3359375	0.3550854179559186
6.33984375	0.3404897405975879
6.34375	0.32636592978110296
6.34765625	0.31277540406913296
6.3515625	0.29977256346940323
6.35546875	0.2874047894346961
6.359375	0.2757124448628511
6.36328125	0.26472887409676427
6.3671875	0.25448040292438817
6.37109375	0.2449863385787328
6.375	0.23625896973786448
6.37890625	0.22830266065722335
6.3828125	0.2210904164865432
6.38671875	0.21457068000103324
6.390625	0.20869328182803026
6.39453125	0.20341019609071914
6.3984375	0.1986755404081323
6.40234375	0.19444557589515096
6.40625	0.19067870716250399
6.41015625	0.18733548231676816
6.4140625	0.18437859296036876
6.41796875	0.1817728741915787
6.421875	0.17948530460451922
6.42578125	0.17748500628915953
6.4296875	0.175743244831317
6.43359375	0.17423342931265695
6.4375	0.1729311123106927
6.44140625	0.17181398989878577
6.4453125	0.17086190164614568
6.44921875	0.1700568306178301
6.453125	0.1693829033747446
6.45703125	0.16882638997364294
6.4609375	0.16837570396712703
6.46484375	0.16802140240364646
6.46875	0.1677561858274993
6.47265625	0.16757489827883165
6.4765625	0.16747452729363724
6.48046875	0.16745362240577027
6.484375	0.1675102752760221
6.48828125	0.16764641463509714
6.4921875	0.167859682417409
6.49609375	0.16814090722412028
6.5	0.16848194970912897
6.50390625	0.1688757439170079
6.5078125	0.16931629728300487
6.51171875	0.16979869063304276
6.515625	0.17031907818371958
6.51953125	0.17087460793647388
6.5234375	0.1714623101442672
6.52734375	0.17207937150945907
6.53125	0.17272402853816976
6.53515625	0.17339559112719488
6.5390625	0.17409444256400475
6.54296875	0.17482203952674472
6.546875	0.17558091208423537
6.55078125	0.1763746636959718
6.5546875	0.1772079712121247
6.55859375	0.17808658487353926
6.5625	0.17901732831173606
6.56640625	0.1800080985489104
6.5703125	0.18106786599793268
6.57421875	0.1822066744623487
6.578125	0.183435641174568
6.58203125	0.18476696395048756
6.5859375	0.18619638955557927
6.58984375	0.18778489367861978
6.59375	0.18962737228792292
6.59765625	0.1918160736982686
6.6015625	0.1944405985709041
6.60546875	0.19758789991354225
6.609375	0.20134228308036392
6.61328125	0.20578540577201482
6.6171875	0.21099627803560855
6.62109375	0.2170512622647254
6.625	0.2240240731994112
6.62890625	0.23198577792617914
6.6328125	0.24100479587800855
6.63671875	0.25114689883434616
6.640625	0.2624752109211041
6.64453125	0.2751099689641026
6.6484375	0.2889254208276425
6.65234375	0.3036066680574581
6.65625	0.3188398626004292
6.66015625	0.33431222086832785
6.6640625	0.3497120237378197
6.66796875	0.36472861655046324
6.671875	0.3790524091127103
6.67578125	0.39237487569590596
6.6796875	0.4043885580105318
6.68359375	0.414788412588859
6.6875	0.42327394117562184
6.69140625	0.4295462632089764
6.6953125	0.4333075625919718
6.69921875	0.43426108769255023
6.703125	0.4321286690578065
6.70703125	0.4270464119817708
6.7109375	0.41939206028553494
6.71484375	0.4095340953758587
6.71875	0.39783057137529587
6.72265625	0.384629145877469
6.7265625	0.3702678986313767
6.73046875	0.35507541887634936
6.734375	0.3393699168422373
6.73828125	0.32345917547468434
6.7421875	0.3076405504351279
6.74609375	0.2922009701007979
6.75	0.2774169355647168
6.75390625	0.26355452063570084
6.7578125	0.2508693718383587
6.76171875	0.2396828055353928
6.765625	0.2306082048592784
6.76953125	0.22325127470739625
6.7734375	0.21705807881257838
6.77734375	0.2115179263650222
6.78125	0.20616333795186118
6.78515625	0.20056562233202932
6.7890625	0.1943304901511267
6.79296875	0.18710585486870254
6.796875	0.17858287540167064
6.80078125	0.16849595612431204
6.8046875	0.15662274686827338
6.80859375	0.14278414292256722
6.8125	0.12684428503357198
6.81640625	0.10871055940503277
6.8203125	0.08833359769805897
6.82421875	0.07262436345645883
6.828125	0.09254793646872621
6.83203125	0.14332890619023894
6.8359375	0.2157173392990065
6.83984375	0.30126993701014754
6.84375	0.39235003507589167
6.84765625	0.482127603785576
6.8515625	0.564579247965649
6.85546875	0.6344882069796675
6.859375	0.6874443547282992
6.86328125	0.7198441996493191
6.8671875	0.728890884717613
6.87109375	0.7125941874451787
6.875	0.6697705198811202
6.87890625	0.6000429286116493
6.8828125	0.5038412253227841
6.88671875	0.38240957447972684
6.890625	0.23781067240503073
6.89453125	0.07295517694090865
6.8984375	-0.08441743104983915
6.90234375	-0.2097687164329638
6.90625	-0.3006688670425239
6.91015625	-0.35698454838477356
6.9140625	-0.380878903638161
6.91796875	-0.3768115536533306
6.921875	-0.35153859695312073
6.92578125	-0.3141126149635603
6.9296875	-0.27528332361267044
6.93359375	-0.24051230962618564
6.9375	-0.21105615859165033
6.94140625	-0.18759714518202278
6.9453125	-0.17025756749494958
6.94921875	-0.158599747052766
6.953125	-0.1516260288024964
6.95703125	-0.14777878111585233
6.9609375	-0.14494629755565291
6.96484375	-0.14194462350103448
6.96875	-0.1388995010006347
6.97265625	-0.13564845642243784
6.9765625	-0.1320484091021979
6.98046875	-0.12797567134343876
6.984375	-0.12332622831344621
6.98828125	-0.11802470508153824
6.9921875	-0.11202626369190162
6.99609375	-0.10530612261365943
7.0	-0.09785889328370487
7.00390625	-0.08968851637539559
7.0078125	-0.08073178575870817
7.01171875	-0.07096971072967777
7.015625	-0.060406620923052275
7.01953125	-0.049056088843547556
7.0234375	-0.036940929865847426
7.02734375	-0.024093202234603917
7.03125	-0.010554207064436907
7.03515625	0.003625511660065888
7.0390625	0.01838616708434828
7.04296875	0.033658729483886346
7.046875	0.04936492626418828
7.05078125	0.06541724196079413
7.0546875	0.08171891823927596
7.05859375	0.09816395389523791
7.0625	0.11463710485431591
7.06640625	0.13101388417217819
7.0703125	0.1471605620345245
7.07421875	0.1629341657570871
7.078125	0.17818247978563015
7.08203125	0.19274404569594925
7.0859375	0.20644861351676214
7.08984375	0.21912608330326475
7.09375	0.2306059872127759
7.09765625	0.2407089621661907
7.1015625	0.249247100061059
7.10546875	0.25615190891028494
7.109375	0.2614159036952096
7.11328125	0.26499260546353554
7.1171875	0.2668529736486392
7.12109375	0.26698540606957255
7.125	0.26539573893106094
7.12890625	0.2621072467200514
7.1328125	0.2571606164420132
7.13671875	0.25061391371124964
7.140625	0.24254263410970694
7.14453125	0.2330397116050049
7.1484375	0.22221551855043972
7.15234375	0.2101978656849802
7.15625	0.19713200213327048
7.16015625	0.1831806154056291
7.1640625	0.16852383139804908
7.16796875	0.15335921439219796
7.171875	0.1378998778718268
7.17578125	0.12227324136795789
7.1796875	0.10660894751011817
7.18359375	0.09106681244588859
7.1875	0.07579266983460377
7.19140625	0.06090958743486603
7.1953125	0.046520323483298175
7.19921875	0.03271415898983518
7.203125	0.019567062249674885
7.20703125	0.007141688843277738
7.2109375	-0.00451261836363312
7.21484375	-0.015359829220071711
7.21875	-0.025377226289789737
7.22265625	-0.03455540485127606
7.2265625	-0.042898272897756565
7.23046875	-0.05042305113719519
7.234375	-0.0571602729922926
7.23828125	-0.06315378128939879
7.2421875	-0.06841780905134297
7.24609375	-0.0729750893154953
7.25	-0.0768883471296969
7.25390625	-0.08021812688618718
7.2578125	-0.08302279232160399
7.26171875	-0.08535852651698274
7.265625	-0.08727933189775744
7.26953125	-0.08883703023375973
7.2734375	-0.09008126263921977
7.27734375	-0.09105948957276568
7.28125	-0.09181699083742347
7.28515625	-0.09239686558061772
7.2890625	-0.09283904402933442
7.29296875	-0.09317135624604363
7.296875	-0.09341372592861355
7.30078125	-0.09358382686411426
7.3046875	-0.09369715218401427
7.30859375	-0.09376701436418002
7.3125	-0.09380454522487577
7.31640625	-0.09381869593076428
7.3203125	-0.09381623699090617
7.32421875	-0.09380175825876057
7.328125	-0.0937776689321842
7.33203125	-0.0937441975376406
7.3359375	-0.09369924576265524
7.33984375	-0.0936380311538625
7.34375	-0.09355045444192739
7.34765625	-0.09337425577317314
7.3515625	-0.09310286815419967
7.35546875	-0.09275412666496644
7.359375	-0.09234302486198043
7.36328125	-0.09188171477829571
7.3671875	-0.09137950692351335
7.37109375	-0.09084287028378216
7.375	-0.09027543232179809
7.37890625	-0.0896779789768044
7.3828125	-0.08904845466459141
7.38671875	-0.0883819622774971
7.390625	-0.08767201529369857
7.39453125	-0.08691850271638576
7.3984375	-0.08612258876908255
7.40234375	-0.08528261526460439
7.40625	-0.08439408249231409
7.41015625	-0.08344964921812141
7.4140625	-0.08243913268448369
7.41796875	-0.08134950861040507
7.421875	-0.08016491119143775
7.42578125	-0.07886663309968066
7.4296875	-0.07743312548378009
7.43359375	-0.07583999796892961
7.4375	-0.07406001865687006
7.44140625	-0.07206311412588982
7.4453125	-0.06981636943082363
7.44921875	-0.06728402810305512
7.453125	-0.06442749215051373
7.45703125	-0.06120532205767686
7.4609375	-0.05757323678556905
7.46484375	-0.05348411377176207
7.46875	-0.048887988930374986
7.47265625	-0.04375386335476185
7.4765625	-0.03798251317507775
7.48046875	-0.03138027258408265
7.484375	-0.02379447899143744
7.48828125	-0.015116392296113055
7.4921875	-0.0052804463413814295
7.49609375	0.005739120985938486
7.5	0.017925558191281284
7.50390625	0.03121819252239181
7.5078125	0.04551242873770592
7.51171875	0.0606597491063484
7.515625	0.07646771340813466
7.51953125	0.09269995893356957
7.5234375	0.10907620048384807
7.52734375	0.12527223037085483
7.53125	0.14091991841716436
7.53515625	0.15560721195604155
7.5390625	0.1688780305410879
7.54296875	0.18022715895831865
7.546875	0.18915095001022147
7.55078125	0.1955066104195451
7.5546875	0.19926363458303206
7.55859375	0.20042918777965457
7.5625	0.19904810617061255
7.56640625	0.19520289679933528
7.5703125	0.1890137375914807
7.57421875	0.18063847735493538
7.578125	0.17027263577981458
7.58203125	0.1581494034384621
7.5859375	0.14453964178545137
7.58984375	0.12975188315758343
7.59375	0.1141333367410543
7.59765625	0.09807305927404707
7.6015625	0.08199886218418678
7.60546875	0.0663762277833289
7.609375	0.051708309265558146
7.61328125	0.03814503064097235
7.6171875	0.025451388131561607
7.62109375	0.013929918370347117
7.625	0.0037860128139203877
7.62890625	-0.004885482084567943
7.6328125	-0.01210026487540816
7.63671875	-0.017984579112330847
7.640625	-0.022775213352507966
7.64453125	-0.026819501156551913
7.6484375	-0.0305753210885161
7.65234375	-0.034611096715894435
7.65625	-0.03960579660962211
7.66015625	-0.046348934344074784
7.6640625	-0.05574056849706868
7.66796875	-0.06879130264986114
7.671875	-0.08662228538715043
7.67578125	-0.11058446074507385
7.6796875	-0.136767142160744
7.68359375	-0.15882412697156156
7.6875	-0.17087735614382224
7.69140625	-0.16751691704293115
7.6953125	-0.1438041261822452
7.69921875	-0.09527814223323632
7.703125	-0.017948169978041325
7.70703125	0.0917084406904239
7.7109375	0.23990463900810174
7.71484375	0.4191916739099684
7.71875	0.5995337168022294
7.72265625	0.7558881948592912
7.7265625	0.8691553794597968
7.73046875	0.926178386186629
7.734375	0.9197431748269064
7.73828125	0.8485785493719875
7.7421875	0.7173583297951542
7.74609375	0.5449839760445364
7.75	0.36016065794234275
7.75390625	0.18347275001045396
7.7578125	0.030273970808741647
7.76171875	-0.08931261706493149
7.765625	-0.1703946069747128
7.76953125	-0.2133102482467592
7.7734375	-0.22362844616923683
7.77734375	-0.20969137507173571
7.78125	-0.17860019995603565
7.78515625	-0.13940866794143342
7.7890625	-0.09923992148140731
7.79296875	-0.06317008631016127
7.796875	-0.034224517227294526
7.80078125	-0.013372519550449468
7.8046875	0.00046493557762580795
7.80859375	0.010034145715802379
7.8125	0.016757473673960487
7.81640625	0.0214839918987665
7.8203125	0.024989061877846767
7.82421875	0.02790958434406977
7.828125	0.030743999275546954
7.83203125	0.033852285895632175
7.8359375	0.037455962672922144
7.83984375	0.04163808732125566
7.84375	0.046343256799714516
7.84765625	0.05140573742817602
7.8515625	0.05692555753701624
7.85546875	0.06301554042780078
7.859375	0.06973310774134879
7.86328125	0.07712501964259248
7.8671875	0.0852273748205773
7.87109375	0.0940656104884613
7.875	0.10365450238351576
7.87890625	0.11399816476712457
7.8828125	0.12509005042478522
7.88671875	0.1369129506661078
7.890625	0.14943899532481525
7.89453125	0.16262962686099802
7.8984375	0.17643296451901164
7.90234375	0.19078153273327228
7.90625	0.2056051624231229
7.91015625	0.2208910150971204
7.9140625	0.23648494081217133
7.91796875	0.252200015466162
7.921875	0.2678569173737758
7.92578125	0.2832839272664929
7.9296875	0.2983169282925904
7.93359375	0.3127994060171423
7.9375	0.32658244842201967
7.94140625	0.33952474590589027
7.9453125	0.35149262318901703
7.94921875	0.36236042049298983
7.953125	0.37201036846860563
7.95703125	0.3803323060494241
7.9609375	0.38722367458580104
7.96484375	0.3925895178448896
7.96875	0.3963424820106396
7.97265625	0.3984028156837984
7.9765625	0.39869836988190943
7.98046875	0.3971585957738656
7.984375	0.39380556281321477
7.98828125	0.3887416446933235
7.9921875	0.3820739054026219
7.99609375	0.37391343218061956
8.0	0.36437626529233785
8.00390625	0.35358381820971124
8.0078125	0.34166161524898825
8.01171875	0.32873918493760684
8.015625	0.3149500600141956
8.01953125	0.30043177742857313
8.0234375	0.28532587834174694
8.02734375	0.2697779081259166
8.03125	0.25393741636447015
8.03515625	0.23795795685198612
8.0390625	0.2219970875942335
8.04296875	0.2062163708081709
8.046875	0.19078137292194747
8.05078125	0.17585504111758102
8.0546875	0.1615070811808416
8.05859375	0.1477858051190986
8.0625	0.13474204592494302
8.06640625	0.1224180477604316
8.0703125	0.11084746595708518
8.07421875	0.10005536701589039
8.078125	0.09005822860729809
8.08203125	0.08086393957122465
8.0859375	0.07247179991705105
8.08984375	0.06487252082362335
8.09375	0.05804822463925292
8.09765625	0.05197247662901147
8.1015625	0.046611171886797496
8.10546875	0.04192265411930303
8.109375	0.03785673381694847
8.11328125	0.03435463263961846
8.1171875	0.03134991669580157
8.12109375	0.02881077610485914
8.125	0.026710259190807675
8.12890625	0.025009884174100366
8.1328125	0.023673405055280337
8.13671875	0.022666811614981314
8.140625	0.021958329413927693
8.14453125	0.021518419792934063
8.1484375	0.02131975296018942
8.15234375	0.021336615911497082
8.15625	0.021544912430275856
8.16015625	0.02192275516731805
8.1640625	0.022450492553506785
8.16796875	0.023110708799815673
8.171875	0.023888223897308505
8.17578125	0.02477009361713974
8.1796875	0.025745609510554247
8.18359375	0.026806298908887347
8.1875	0.027945924923564947
8.19140625	0.029160486446103265
8.1953125	0.03044821814810901
8.19921875	0.031809438857461056
8.203125	0.033243874750853844
8.20703125	0.03476149335069961
8.2109375	0.03637858307674968
8.21484375	0.03807262089106983
8.21875	0.03982164746527287
8.22265625	0.04160628728201956
8.2265625	0.04340974863501966
8.23046875	0.04521782362903095
8.234375	0.0470188881798594
8.23828125	0.048803902014359204
8.2421875	0.050566408670433285
8.24609375	0.052302535497032565
8.25	0.054010993654156556
8.25390625	0.05569307811285292
8.2578125	0.05735266765521751
8.26171875	0.05899622487439511
8.265625	0.060632796174577834
8.26953125	0.06227401177100718
8.2734375	0.06393408568997204
8.27734375	0.0656298157688103
8.28125	0.06738058365590806
8.28515625	0.06920835481069937
8.2890625	0.0711376785036672
8.29296875	0.07319568781634211
8.296875	0.07541209964130363
8.30078125	0.077819435721627
8.3046875	0.08045563939814987
8.30859375	0.08336320461682707
8.3125	0.0865155035314966
8.31640625	0.09001453287050143
8.3203125	0.09408494539328696
8.32421875	0.09891581650834547
8.328125	0.10466059427379544
8.33203125	0.11143709939738063
8.3359375	0.11932752523647139
8.33984375	0.12837843779806296
8.34375	0.1386007757387774
8.34765625	0.14996985036486205
8.3515625	0.1624253558031987
8.35546875	0.17587185821560747
8.359375	0.1901790126616505
8.36328125	0.20518090217031157
8.3671875	0.2206759824201994
8.37109375	0.23642708173954952
8.375	0.2521843104028373
8.37890625	0.26756980593328905
8.3828125	0.28205229644872837
8.38671875	0.2951631321992287
8.390625	0.3065031530346856
8.39453125	0.31574268840481634
8.3984375	0.32262155735915954
8.40234375	0.3269490997807177
8.40625	0.3286044330648121
8.41015625	0.3275363195474082
8.4140625	0.3237630126757029
8.41796875	0.3173722554967144
8.421875	0.3084937877259752
8.42578125	0.29740057121460434
8.4296875	0.28456895943558097
8.43359375	0.2704517670762491
8.4375	0.25546968317545143
8.44140625	0.2400112711235298
8.4453125	0.22443296866232443
8.44921875	0.2090590878851744
8.453125	0.19418181523691802
8.45703125	0.1800612115138919
8.4609375	0.16692521186393167
8.46484375	0.15496962578637163
8.46875	0.14466555228833575
8.47265625	0.13663296498622526
8.4765625	0.13023304854756548
8.48046875	0.12482072251058977
8.484375	0.11981796278528702
8.48828125	0.11471380165340131
8.4921875	0.10906432776843263
8.49609375	0.10249268615563634
8.5	0.09468907821202362
8.50390625	0.08541025388985371
8.5078125	0.07447656556129649
8.51171875	0.061773983662755876
8.515625	0.04725553026405437
8.51953125	0.030941283806769547
8.5234375	0.01291837910423501
8.52734375	-0.006658992658460412
8.53125	-0.026702197889143617
8.53515625	-0.03877305699955507
8.5390625	-0.03276787492331904
8.54296875	-0.0013303681202550995
8.546875	0.06013814516774208
8.55078125	0.15347874491670357
8.5546875	0.2777749063010773
8.55859375	0.42935202749058565
8.5625	0.6020453850003624
8.56640625	0.7792076203735068
8.5703125	0.9291977465166895
8.57421875	1.0277583574164857
8.578125	1.0602471171580723
8.58203125	1.0216367599252267
8.5859375	0.9165150900003294
8.58984375	0.7596747536858105
8.59375	0.5769562660043169
8.59765625	0.39297221531388543
8.6015625	0.2263385126572501
8.60546875	0.0896576888146895
8.609375	-0.010478506607737892
8.61328125	-0.07317456280834482
8.6171875	-0.09837099653290751
8.62109375	-0.0945496014212808
8.625	-0.07166100906704186
8.62890625	-0.038055898600364305
8.6328125	-0.0004849966880171811
8.63671875	0.035900922466634504
8.640625	0.06755103712362882
8.64453125	0.0925144780064095
8.6484375	0.11044032830182365
8.65234375	0.12263948330914218
8.65625	0.13174360067343277
8.66015625	0.13871913524838414
8.6640625	0.14409815816218438
8.66796875	0.14836025328830763
8.671875	0.1519325172455146
8.67578125	0.1551895593978514
8.6796875	0.1584535018546508
8.68359375	0.16199397947053107
8.6875	0.16602813984539685
8.69140625	0.17072064332443887
8.6953125	0.17618366299813354
8.69921875	0.182476884702244
8.703125	0.1896075070173412
8.70703125	0.1975299828899761
8.7109375	0.2061452822951958
8.71484375	0.21530164813107003
8.71875	0.22499815616121438
8.72265625	0.23541285131693154
8.7265625	0.2465438125353528
8.73046875	0.2583760930736307
8.734375	0.2708825463588786
8.73828125	0.2840238259881701
8.7421875	0.2977483857285391
8.74609375	0.3119924795169795
8.75	0.32668016146044565
8.75390625	0.3417232858358525
8.7578125	0.35702150734999283
8.76171875	0.3724627788395332
8.765625	0.3879243881987956
8.76953125	0.40327171828088176
8.7734375	0.41835795210885257
8.77734375	0.4330240728757308
8.78125	0.4470988639444983
8.78515625	0.4603989088480975
8.7890625	0.4727794158322995
8.79296875	0.4841433459775811
8.796875	0.494322964615125
8.80078125	0.5031705283097982
8.8046875	0.5105604594343611
8.80859375	0.5163893403390045
8.8125	0.5205759021283852
8.81640625	0.5230610386196923
8.8203125	0.52380780944311
8.82421875	0.5228014400418164
8.828125	0.5200493216719838
8.83203125	0.515581011402779
8.8359375	0.509448232116363
8.83984375	0.5017248725078909
8.84375	0.4925069870855122
8.84765625	0.48191279617037
8.8515625	0.4700826858966026
8.85546875	0.45717920821134184
8.859375	0.44336211176172907
8.86328125	0.42871697414379056
8.8671875	0.413430847121823
8.87109375	0.3976933333188792
8.875	0.38168106600760365
8.87890625	0.36555770911023255
8.8828125	0.3494739571985921
8.88671875	0.33356753549410195
8.890625	0.3179631998677706
8.89453125	0.3027727368402003
8.8984375	0.28809496358158276
8.90234375	0.27401572791170165
8.90625	0.2606079071927426
8.91015625	0.24793117095591347
8.9140625	0.23603168544377107
8.91796875	0.22494257501450055
8.921875	0.21468399467587954
8.92578125	0.20526313008527622
8.9296875	0.1967219235918811
8.93359375	0.1890745276134233
8.9375	0.18226464358576014
8.94140625	0.17623785438968517
8.9453125	0.17094171709176648
8.94921875	0.16632576294434848
8.953125	0.16234149738555068
8.95703125	0.15894240003926768
8.9609375	0.15608392471517
8.96484375	0.15372315547856855
8.96875	0.15181755187454693
8.97265625	0.15032608346116103
8.9765625	0.14920969393209954
8.98046875	0.14843130116682599
8.984375	0.14795579723057997
8.98828125	0.1477500483743761
8.9921875	0.14778289503500444
8.99609375	0.14802515183503057
9.0	0.14844960758279518
9.00390625	0.1490310252724148
9.0078125	0.1497461437433682
9.01171875	0.15057381322815502
9.015625	0.1514950958498456
9.01953125	0.15249305159943516
9.0234375	0.1535527146536942
9.02734375	0.15466109337516862
9.03125	0.15580717031217967
9.03515625	0.15698190219882419
9.0390625	0.15817821995497428
9.04296875	0.1593910286862776
9.046875	0.16061720768415724
9.05078125	0.1618586293938447
9.0546875	0.1631240908858546
9.05859375	0.16440285264732288
9.0625	0.16568340420742209
9.06640625	0.16695581657716552
9.0703125	0.1682117422494066
9.07421875	0.1694444151988401
9.078125	0.17064865088200118
9.08203125	0.1718208462372663
9.0859375	0.1729589796848519
9.08984375	0.17406261112681584
9.09375	0.17513288194705662
9.09765625	0.17617251501131306
9.1015625	0.17718581466716535
9.10546875	0.1781786667440337
9.109375	0.1791585669068993
9.11328125	0.18013579820590722
9.1171875	0.18112385443450843
9.12109375	0.18213792630380338
9.125	0.18319478600673256
9.12890625	0.18431278721807792
9.1328125	0.18551186509446121
9.13671875	0.18681353627434627
9.140625	0.18824089887803633
9.14453125	0.1898042077710849
9.1484375	0.19151490439282012
9.15234375	0.19350556147254944
9.15625	0.1959097642579804
9.16015625	0.1988500625173836
9.1640625	0.20243797053959475
9.16796875	0.20677409985923903
9.171875	0.21194896901956095
9.17578125	0.21804246892597234
9.1796875	0.22512345663557362
9.18359375	0.23324975372602974
9.1875	0.24246814629556956
9.19140625	0.2528143849629865
9.1953125	0.2643131848676373
9.19921875	0.2769782256694432
9.203125	0.2908381716648829
9.20703125	0.30593679790473177
9.2109375	0.3218631670762885
9.21484375	0.3381569244011857
9.21875	0.35438474038211665
9.22265625	0.37014305931866254
9.2265625	0.38505823803769623
9.23046875	0.39878654589338186
9.234375	0.4110141647671753
9.23828125	0.42145718906782387
9.2421875	0.4298616257313665
9.24609375	0.43600339422113343
9.25	0.4396883265277466
9.25390625	0.4407521671691192
9.2578125	0.43906057319045627
9.26171875	0.4345018962221116
9.265625	0.4270388684524044
9.26953125	0.4171248304478673
9.2734375	0.4052822684098552
9.27734375	0.3919932633437603
9.28125	0.37769949105901196
9.28515625	0.36280222216907715
9.2890625	0.3476623220914601
9.29296875	0.33260025104770263
9.296875	0.3178960640633833
9.30078125	0.30378941096811823
9.3046875	0.2904795363955615
9.30859375	0.27812527978340373
9.3125	0.26684525471776516
9.31640625	0.25672068201414056
9.3203125	0.24779487690452642
9.32421875	0.24007082508587296
9.328125	0.233504249848992
9.33203125	0.22794486334501002
9.3359375	0.2231938208053896
9.33984375	0.21890923742915333
9.34375	0.21458323503270127
9.34765625	0.20954194204980983
9.3515625	0.20294549353163216
9.35546875	0.1937880311466983
9.359375	0.18089770318091486
9.36328125	0.1629987876826848
9.3671875	0.14042883771677242
9.37109375	0.11590157207375637
9.375	0.0931989341265765
9.37890625	0.07710164219079779
9.3828125	0.07338932950293253
9.38671875	0.0888405464506821
9.390625	0.13010887799966223
9.39453125	0.20173525297845282
9.3984375	0.30799424615425947
9.40234375	0.4471694529642177
9.40625	0.6111790157242374
9.41015625	0.7855756236290036
9.4140625	0.9495463087089501
9.41796875	1.0764955254260624
9.421875	1.1445940046510652
9.42578125	1.1437754871710994
9.4296875	1.0733750132680557
9.43359375	0.9420714834299966
9.4375	0.7678876583511588
9.44140625	0.5781793009821785
9.4453125	0.39882303243551953
9.44921875	0.24150504710021187
9.453125	0.11498714234726752
9.45703125	0.02409220087803995
9.4609375	-0.030295809275774084
9.46484375	-0.05123183475213658
9.46875	-0.04548799755409802
9.47265625	-0.020220757819604012
9.4765625	0.015973687925384818
9.48046875	0.055550191346429155
9.484375	0.0929189744663664
9.48828125	0.1244456296653107
9.4921875	0.1484511196806533
9.49609375	0.16521177760706213
9.5	0.17676164423859853
9.50390625	0.1846882035582814
9.5078125	0.1900585267504487
9.51171875	0.19382109777352535
9.515625	0.19675152392837728
9.51953125	0.19945409010306978
9.5234375	0.2023608848561609
9.52734375	0.2057309191401259
9.53125	0.20965011951520884
9.53515625	0.2140313281494239
9.5390625	0.21871385055630901
9.54296875	0.2238693223344471
9.546875	0.22956942601781843
9.55078125	0.23585836827839723
9.5546875	0.2427735145530272
9.55859375	0.25034538904342085
9.5625	0.2585976747161604
9.56640625	0.2675472133026973
9.5703125	0.27720400529935185
9.57421875	0.28757120518803614
9.578125	0.29864503347329674
9.58203125	0.31041478532862155
9.5859375	0.3228791198781289
9.58984375	0.3361740494819576
9.59375	0.35021193239099757
9.59765625	0.36483992766890694
9.6015625	0.37990898719247956
9.60546875	0.39527385565164386
9.609375	0.4107930705494632
9.61328125	0.42632896220213545
9.6171875	0.4417475061036719
9.62109375	0.4569175416841576
9.625	0.47171134082872274
9.62890625	0.48600496744192184
9.6328125	0.4996782782414445
9.63671875	0.5126149227581149
9.640625	0.5247023433358926
9.64453125	0.535831775131871
9.6484375	0.5458982461162794
9.65234375	0.5548005770724816
9.65625	0.5624413815969767
9.66015625	0.5687270660993976
9.6640625	0.5735678298025133
9.66796875	0.5768776647422269
9.671875	0.578574355767577
9.67578125	0.5785794805407365
9.6796875	0.576817696741844
9.68359375	0.5731394566047847
9.6875	0.5676019849855223
9.69140625	0.5603892013241684
9.6953125	0.551678749293601
9.69921875	0.541641996799463
9.703125	0.5304440359801643
9.70703125	0.5182436832068785
9.7109375	0.5051934790835473
9.71484375	0.4914396884468758
9.71875	0.47712222930922243
9.72265625	0.46237440768984395
9.7265625	0.4473231544912547
9.73046875	0.4320891248339837
9.734375	0.41678669807132623
9.73828125	0.40152397778934296
9.7421875	0.38640279180686044
9.74609375	0.37151869217547107
9.75	0.35696095517953264
9.75390625	0.3428125813361688
9.7578125	0.3291502953952692
9.76171875	0.31604454633948853
9.765625	0.30355950738424836
9.76953125	0.29175307597773464
9.7734375	0.28067687380089984
9.77734375	0.27037624739073474
9.78125	0.2608902917467167
9.78515625	0.2522486179299359
9.7890625	0.24443143105598872
9.79296875	0.23738689873558436
9.796875	0.23106412789206748
9.80078125	0.22541385578103745
9.8046875	0.22038844999034776
9.80859375	0.2159419084401057
9.8125	0.21202985938267377
9.81640625	0.20860956141670112
9.8203125	0.2056402060122486
9.82421875	0.20308369730631487
9.828125	0.2009038117082464
9.83203125	0.19906595595964502
9.8359375	0.19753716713436587
9.83984375	0.196286112638519
9.84375	0.1952830902104682
9.84765625	0.19450002792083204
9.8515625	0.19391048417248302
9.85546875	0.19348964770054794
9.859375	0.19321433757240772
9.86328125	0.19306300318769756
9.8671875	0.1930157242783073
9.87109375	0.1930542109083803
9.875	0.19316180347431508
9.87890625	0.1933234727047634
9.8828125	0.19352581966063226
9.88671875	0.19375713576430556
9.890625	0.1940171840480623
9.89453125	0.19430600303306106
9.8984375	0.19461785682100793
9.90234375	0.1949476260495949
9.90625	0.19529080789250036
9.91015625	0.19564351605938876
9.9140625	0.19600248079591043
9.91796875	0.196365048430072
9.921875	0.19672888834416918
9.92578125	0.19709148828640236
9.9296875	0.1974508181321197
9.93359375	0.19780546429265627
9.9375	0.19815462971533251
9.94140625	0.1984981338834555
9.9453125	0.19883641281631795
9.94921875	0.19917051906919886
9.953125	0.19950212173336332
9.95703125	0.19983350643606235
9.9609375	0.20016757534053348
9.96484375	0.20050784714599965
9.96875	0.2008584570876702
9.97265625	0.20122415693674076
9.9765625	0.20161031500039273
9.98046875	0.20202291775606315
9.984375	0.20246874349518154
9.98828125	0.20295551599956052
9.9921875	0.20348387112781807
9.99609375	0.20402836430879268
10.0	0.2046505714584707
10.00390625	0.20542709337179188
10.0078125	0.20643413724242843
10.01171875	0.20774751666278415
10.015625	0.20944265162399506
10.01953125	0.21159456760825482
10.0234375	0.21427775138944202
10.02734375	0.21756599301486879
10.03125	0.2215326509332944
10.03515625	0.22625068999221082
10.0390625	0.23179268143784149
10.04296875	0.23823080291514237
10.046875	0.24563683846780088
10.05078125	0.2540821785382366
10.0546875	0.2636378199676012
10.05859375	0.27437436599577786
10.0625	0.28643750376135646
10.06640625	0.29997159448334404
10.0703125	0.31457170850716426
10.07421875	0.32981173758846655
10.078125	0.3452906380338217
10.08203125	0.3606324307007245
10.0859375	0.37548620099759117
10.08984375	0.38952609888376155
10.09375	0.4024513388694975
10.09765625	0.41398620001598396
10.1015625	0.42388002593532825
10.10546875	0.4319072247905604
10.109375	0.4378672692956331
10.11328125	0.4415846967154214
10.1171875	0.4429091088657237
10.12109375	0.44171518647670305
10.125	0.4379036490808298
10.12890625	0.4314018593218341
10.1328125	0.4222441825427048
10.13671875	0.4108540597827989
10.140625	0.39769505015714446
10.14453125	0.38319815283168807
10.1484375	0.3677647514973658
10.15234375	0.35176661437010415
10.15625	0.3355458941908192
10.16015625	0.31941512822541746
10.1640625	0.3036572382647949
10.16796875	0.28852553062483827
10.171875	0.2742436961464241
10.17578125	0.2610058101954182
10.1796875	0.24897633266267746
10.18359375	0.23808944011904853
10.1875	0.22829638931368454
10.19140625	0.21977935538195598
10.1953125	0.21258460383456576
10.19921875	0.20662100133990427
10.203125	0.2016600157240486
10.20703125	0.19733571597076333
10.2109375	0.19314477222149948
10.21484375	0.18844645577539604
10.21875	0.18246263908927804
10.22265625	0.17427775648740437
10.2265625	0.16283740204662664
10.23046875	0.14694694490109883
10.234375	0.12586181302504112
10.23828125	0.10163857957959208
10.2421875	0.07769585935028181
10.24609375	0.058211536999450954
10.25	0.0481227670662508
10.25390625	0.05312597396664354
10.2578125	0.07967685199340241
10.26171875	0.13395611614260686
10.265625	0.2193872965840589
10.26953125	0.33780864086706563
10.2734375	0.4856581628795777
10.27734375	0.6537435456107721
10.28125	0.827242141151051
10.28515625	0.9857009706920443
10.2890625	1.1032130611413373
10.29296875	1.158182628162973
10.296875	1.1438312362874345
10.30078125	1.0622011119377053
10.3046875	0.9237109299320758
10.30859375	0.7471558134841415
10.3125	0.559127170488726
10.31640625	0.38098344789987687
10.3203125	0.2255885220946138
10.32421875	0.10186858231939007
10.328125	0.014272632103272936
10.33203125	-0.037227522858888036
10.3359375	-0.05664238741182472
10.33984375	-0.04898700647736804
10.34375	-0.023347338758305813
10.34765625	0.011944504492215733
10.3515625	0.05022293338053423
10.35546875	0.08648887937246988
10.359375	0.11740979529332629
10.36328125	0.1413196553278902
10.3671875	0.15831568284178318
10.37109375	0.17004069866408975
10.375	0.17786120956243484
10.37890625	0.18293102495619248
10.3828125	0.18623862414095246
10.38671875	0.18860715628852004
10.390625	0.19069461369039659
10.39453125	0.1929943779705875
10.3984375	0.19583468736503862
10.40234375	0.1993784499862636
10.40625	0.20362324382299163
10.41015625	0.20840131674016826
10.4140625	0.21343106471264842
10.41796875	0.21891173657777319
10.421875	0.22498310353258041
10.42578125	0.2316902436162994
10.4296875	0.23906733689740156
10.43359375	0.2471382222117427
10.4375	0.25591829021050866
10.44140625	0.2654145344787672
10.4453125	0.27562555153546897
10.44921875	0.28654154083344774
10.453125	0.29814430475941905
10.45703125	0.3104072486339817
10.4609375	0.32329538071161706
10.46484375	0.33676567280346603
10.46875	0.35085074216988354
10.47265625	0.3654867785153543
10.4765625	0.3805154181328722
10.48046875	0.39578226934041416
10.484375	0.4111369124809387
10.48828125	0.42643289992238614
10.4921875	0.44152775605767863
10.49609375	0.45628297730471973
10.5	0.47056403210639597
10.50390625	0.48424036093057465
10.5078125	0.4971853762701055
10.51171875	0.5092764626428198
10.515625	0.520394976591531
10.51953125	0.530426246684034
10.5234375	0.5392595735131058
10.52734375	0.5467886012359848
10.53125	0.5529149267972895
10.53515625	0.5575465353494162
10.5390625	0.5605954180280511
10.54296875	0.5619775379938621
10.546875	0.5616128301126002
10.55078125	0.5592750825300462
10.5546875	0.5549160966218407
10.55859375	0.5487199848085228
10.5625	0.5408650870998907
10.56640625	0.5315239710950013
10.5703125	0.5208634319821706
10.57421875	0.5090444925389734
10.578125	0.4962224031322443
10.58203125	0.4825466417180755
10.5859375	0.4681609138418191
10.58984375	0.4532031526380859
10.59375	0.4378054053025074
10.59765625	0.42209323025748624
10.6015625	0.4061861348586646
10.60546875	0.3901978534270359
10.609375	0.3742363478728512
10.61328125	0.3584038076956213
10.6171875	0.3427966499841163
10.62109375	0.32750551941636435
10.625	0.3126152882596535
10.62890625	0.29820451707464013
10.6328125	0.28434177794171206
10.63671875	0.2710878868241669
10.640625	0.258497875715579
10.64453125	0.24662100419878177
10.6484375	0.23550075944586718
10.65234375	0.22517485621818714
10.65625	0.21567523686635126
10.66015625	0.20702807133022894
10.6640625	0.19923890314851428
10.66796875	0.192257082268405
10.671875	0.1860256493655698
10.67578125	0.18048966099488914
10.6796875	0.17559607855820664
10.68359375	0.17129376830432905
10.6875	0.16753350132902614
10.69140625	0.1642679535750312
10.6953125	0.1614517058320403
10.69921875	0.1590412437367128
10.703125	0.15699495777267117
10.70703125	0.15527314327050112
10.7109375	0.15383800040775117
10.71484375	0.1526536342089336
10.71875	0.15168605454552292
10.72265625	0.15090317613595772
10.7265625	0.1502748185456392
10.73046875	0.14977327912806923
10.734375	0.14937609786677938
10.73828125	0.14906392501218527
10.7421875	0.14881931729675985
10.74609375	0.14862673629993897
10.75	0.14847254844812138
10.75390625	0.14834502501466948
10.7578125	0.1482343421199085
10.76171875	0.14813258073112692
10.765625	0.14803372666257597
10.76953125	0.14793367057547085
10.7734375	0.14783020797798907
10.77734375	0.1477230392252718
10.78125	0.14761376951942318
10.78515625	0.14751219198896393
10.7890625	0.14742413756464234
10.79296875	0.14733958114487283
10.796875	0.14724989256497173
10.80078125	0.14714867086041333
10.8046875	0.1470314466028868
10.80859375	0.14689529137461302
10.8125	0.14673881316367088
10.81640625	0.1465621563639968
10.8203125	0.1463670017753859
10.82421875	0.14615656660349036
10.828125	0.1459356044598209
10.83203125	0.14570988065588658
10.8359375	0.14548439302426014
10.83984375	0.14526504365516738
10.84375	0.14505927102741553
10.84765625	0.14487605002566992
10.8515625	0.14472589194045316
10.85546875	0.1446208444681466
10.859375	0.14457449171098916
10.86328125	0.14460195417707733
10.8671875	0.14471988878036618
10.87109375	0.14494648884066813
10.875	0.145301484083654
10.87890625	0.1458061406408522
10.8828125	0.14648119775611523
10.88671875	0.1472963386354446
10.890625	0.14835042440930027
10.89453125	0.14979078145008345
10.8984375	0.15175008523313635
10.90234375	0.15434636033674287
10.90625	0.15768298044212836
10.91015625	0.16184866833345973
10.9140625	0.16691749589784569
10.91796875	0.17294888412533607
10.921875	0.17998760310892276
10.92578125	0.18806377204453853
10.9296875	0.19719285940884362
10.93359375	0.20737657103429186
10.9375	0.21860491300756865
10.94140625	0.23085385262436445
10.9453125	0.24408470628331064
10.94921875	0.258360096786471
10.953125	0.2734267065096113
10.95703125	0.2887709247598254
10.9609375	0.3039228081026422
10.96484375	0.3184561531480478
10.96875	0.33198849655048296
10.97265625	0.34418111500884496
10.9765625	0.35473902526648665
10.98046875	0.3634109841112161
10.984375	0.3699894883752981
10.98828125	0.3743107749354522
10.9921875	0.37625482071285454
10.99609375	0.3757453426731364
11.0	0.3727497687348319
11.00390625	0.3672787853594996
11.0078125	0.3593864232411364
11.01171875	0.34913981403215644
11.015625	0.336828980088648
11.01953125	0.32297886481697513
11.0234375	0.30807482861318036
11.02734375	0.29255706493758865
11.03125	0.276820594644708
11.03515625	0.26121295921214543
11.0390625	0.24603067755684857
11.04296875	0.23152418883533327
11.046875	0.21789876526839747
11.05078125	0.20531451214112126
11.0546875	0.1938863678028676
11.05859375	0.18368410366728066
11.0625	0.17473232421228824
11.06640625	0.16701046698009916
11.0703125	0.1604528025772055
11.07421875	0.15494843467438135
11.078125	0.15034130000668272
11.08203125	0.14643356693822318
11.0859375	0.1435740526649208
11.08984375	0.14078285452886977
11.09375	0.1364553854454899
11.09765625	0.12941481841502372
11.1015625	0.11891208652253572
11.10546875	0.10462588293791264
11.109375	0.086662660915863
11.11328125	0.06555663379591753
11.1171875	0.04226977500242935
11.12109375	0.017706061854780582
11.125	-0.0024394248001222644
11.12890625	-0.00893315327860221
11.1328125	0.005428682373772041
11.13671875	0.04574541934558452
11.140625	0.11501569074374818
11.14453125	0.21413059219928618
11.1484375	0.34187278963504103
11.15234375	0.49491651926567537
11.15625	0.6674721731561307
11.16015625	0.8404121859366998
11.1640625	0.9856152750772543
11.16796875	1.0815222340773276
11.171875	1.1138123900418182
11.17578125	1.0754036036809917
11.1796875	0.9672344188514415
11.18359375	0.8081575068371651
11.1875	0.6250398767517766
11.19140625	0.44025057242313764
11.1953125	0.27135173236846555
11.19921875	0.1310985897943301
11.203125	0.02753604280470065
11.20703125	-0.03827526196566143
11.2109375	-0.07057185012911522
11.21484375	-0.07464878829148246
11.21875	-0.05672565751298437
11.22265625	-0.023946553308242767
11.2265625	0.015619914353721624
11.23046875	0.05324342945453954
11.234375	0.08447892466554548
11.23828125	0.10907033010566793
11.2421875	0.1272565602001333
11.24609375	0.139707855310317
11.25	0.1475263092467068
11.25390625	0.15224586926890477
11.2578125	0.15576180714487992
11.26171875	0.15895393133968194
11.265625	0.16200915086174422
11.26953125	0.16514795762930254
11.2734375	0.16854957498667197
11.27734375	0.17235195770424613
11.28125	0.17665179197849806
11.28515625	0.18150449543197933
11.2890625	0.18692421711332083
11.29296875	0.19288977653251174
11.296875	0.1994283461617377
11.30078125	0.2065960640957519
11.3046875	0.21443528435874748
11.30859375	0.2229762547039682
11.3125	0.23223711661370722
11.31640625	0.24222390529930862
11.3203125	0.2529305497011667
11.32421875	0.2643388724887256
11.328125	0.2764185900604803
11.33203125	0.2891273125439754
11.3359375	0.3024106231257851
11.33984375	0.31620453228305906
11.34375	0.3304359482896268
11.34765625	0.3450198474363312
11.3515625	0.35985909974306474
11.35546875	0.3748455373991309
11.359375	0.3899354121933449
11.36328125	0.4049873868325856
11.3671875	0.4197966539683021
11.37109375	0.4341714421909398
11.375	0.44793301602994245
11.37890625	0.4609156759537513
11.3828125	0.4729667583698053
11.38671875	0.4839466356245403
11.390625	0.49372871600339013
11.39453125	0.5021994437307865
11.3984375	0.5092582989701583
11.40234375	0.5148177978239322
11.40625	0.5188034977951231
11.41015625	0.5211544148910499
11.4140625	0.5218233173355552
11.41796875	0.5207760786739103
11.421875	0.5179916083903853
11.42578125	0.5134617567767077
11.4296875	0.507065615286103
11.43359375	0.4988361108933127
11.4375	0.48897741832046326
11.44140625	0.47768612875323585
11.4453125	0.46515123107017525
11.44921875	0.4515538731601742
11.453125	0.43706735249778184
11.45703125	0.4218571161432069
11.4609375	0.406080760742315
11.46484375	0.3898880325266302
11.46875	0.37342082731333476
11.47265625	0.35681319050526866
11.4765625	0.3401913170909305
11.48046875	0.3236735516444759
11.484375	0.30737038832571945
11.48828125	0.29138447088013353
11.4921875	0.2758105926388482
11.49609375	0.2607356965186518
11.5	0.24623887502199085
11.50390625	0.23239137023696968
11.5078125	0.2192565738373508
11.51171875	0.20689002708255466
11.515625	0.19533942081765984
11.51953125	0.18464459547340242
11.5234375	0.17483754106617772
11.52734375	0.16594888170472516
11.53125	0.15796129435361977
11.53515625	0.1508209506247052
11.5390625	0.14447560722519412
11.54296875	0.13887124268734943
11.546875	0.1339530839042882
11.55078125	0.1296682930304
11.5546875	0.12596602967454074
11.55859375	0.1227974509000321
11.5625	0.12011571122466123
11.56640625	0.11787596262068221
11.5703125	0.11603535451481409
11.57421875	0.11455303378824233
11.578125	0.1133901447766181
11.58203125	0.11250982927005894
11.5859375	0.11187722651314759
11.58984375	0.11145947320493317
11.59375	0.11122570349893068
11.59765625	0.11114704900312122
11.6015625	0.11119663877995128
11.60546875	0.11134959934633397
11.609375	0.11158305324019842
11.61328125	0.11187560137896062
11.6171875	0.11220655452850022
11.62109375	0.11255702467408066
11.625	0.11291012125543148
11.62890625	0.11325095116674815
11.6328125	0.11356661875669156
11.63671875	0.11384622582838926
11.640625	0.11408167244580547
11.64453125	0.11427472324916019
11.6484375	0.11443360562946531
11.65234375	0.11456859568380595
11.65625	0.11471810040957568
11.66015625	0.11494790734083253
11.6640625	0.11523177433270708
11.66796875	0.11554258671650264
11.671875	0.11585786345594959
11.67578125	0.11615975714720382
11.6796875	0.11643505401884795
11.68359375	0.11667517393189061
11.6875	0.1168761703797658
11.69140625	0.11703873048833559
11.6953125	0.11716817501588589
11.69921875	0.11727445835313047
11.703125	0.11737216852320824
11.70703125	0.11748052718168472
11.7109375	0.11762338961655179
11.71484375	0.11782924474822651
11.71875	0.11813121512955363
11.72265625	0.11856705694580252
11.7265625	0.11917916001466991
11.73046875	0.12001454778627754
11.734375	0.12112487734317436
11.73828125	0.12256643940033489
11.7421875	0.12439868457264483
11.74609375	0.12667506223836633
11.75	0.1294489875439077
11.75390625	0.1327784892845056
11.7578125	0.13672622988782274
11.76171875	0.14135950541394768
11.765625	0.14675024555539556
11.76953125	0.1529750136371078
11.7734375	0.16011500661645128
11.77734375	0.1682560550832191
11.78125	0.17748862325963127
11.78515625	0.18793160229376307
11.7890625	0.19963940441282352
11.79296875	0.21254046348283132
11.796875	0.22652731495226494
11.80078125	0.24145776473534072
11.8046875	0.2571548892120141
11.80859375	0.27340703522797916
11.8125	0.2899678200986927
11.81640625	0.30655640903212084
11.8203125	0.3228582672810686
11.82421875	0.3385243693539069
11.828125	0.35317096022474476
11.83203125	0.3663795553334299
11.8359375	0.3776969405855489
11.83984375	0.38663563018565955
11.84375	0.3928591358606983
11.84765625	0.39629996415310853
11.8515625	0.39692969525705457
11.85546875	0.3947789809877037
11.859375	0.3899375424806246
11.86328125	0.3825541701917876
11.8671875	0.3728367238975649
11.87109375	0.3610521326947306
11.875	0.34752639500045995
11.87890625	0.33264457855233026
11.8828125	0.31685082040832035
11.88671875	0.30064832694681126
11.890625	0.28450649122990024
11.89453125	0.2686791522311269
11.8984375	0.2534540057572351
11.90234375	0.23907089731925435
11.90625	0.22571710642300735
11.91015625	0.21352734656911043
11.9140625	0.2025837652529724
11.91796875	0.19291594396479547
11.921875	0.18450089818957488
11.92578125	0.17726307740709896
11.9296875	0.17107436509194918
11.93359375	0.16575407871350012
11.9375	0.16132313209795374
11.94140625	0.15747070538835792
11.9453125	0.1526778329624731
11.94921875	0.1457118799600365
11.953125	0.1356947757818347
11.95703125	0.12210431229842052
11.9609375	0.1047741438504189
11.96484375	0.08389378724852647
11.96875	0.05999494894274155
11.97265625	0.03419580828491799
11.9765625	0.01379230588809738
11.98046875	0.00697478887189734
11.984375	0.020363890156476067
11.98828125	0.059010528462532505
11.9921875	0.1263959083113062
11.99609375	0.2244315200245774
12.0	0.3534591397246668
12.00390625	0.5134919312715832
12.0078125	0.696092961853196
12.01171875	0.8684711449829966
12.015625	1.003153033325343
12.01953125	1.081188865224448
12.0234375	1.092152241661587
12.02734375	1.0341403820589496
12.03125	0.9137742613052954
12.03515625	0.7472345330925461
12.0390625	0.562254750772023
12.04296875	0.38119234519405637
12.046875	0.22060268539317388
12.05078125	0.0918959855461262
12.0546875	0.0013351105281045337
12.05859375	-0.04996494680502131
12.0625	-0.06603706561670251
12.06640625	-0.055945436829773675
12.0703125	-0.028356696605809764
12.07421875	0.008739520025857973
12.078125	0.0479085109050778
12.08203125	0.08371689192869403
12.0859375	0.11273259705054653
12.08984375	0.13352487828147142
12.09375	0.14666430568930044
12.09765625	0.15472276739886145
12.1015625	0.16056089934260565
12.10546875	0.16466224118410477
12.109375	0.1677506951810859
12.11328125	0.17041713799015926
12.1171875	0.17311628983446264
12.12109375	0.17616671450365987
12.125	0.17975081935394208
12.12890625	0.18391485530802718
12.1328125	0.18856978048932685
12.13671875	0.19370604103367062
12.140625	0.1994433921150002
12.14453125	0.2058357867758577
12.1484375	0.2129268222491377
12.15234375	0.22074810700924433
12.15625	0.2293216862592901
12.16015625	0.23866045049831894
12.1640625	0.2487681355213061
12.16796875	0.25963932241915755
12.171875	0.271259437578711
12.17578125	0.28360475268273483
12.1796875	0.2966423847099293
12.18359375	0.31034163375280294
12.1875	0.3247801409403044
12.19140625	0.33983813481956765
12.1953125	0.355335213543713
12.19921875	0.3710964732925814
12.203125	0.3869525082727337
12.20703125	0.40273941071745234
12.2109375	0.4182987708867391
12.21484375	0.43347767706731744
12.21875	0.44812871557263045
12.22265625	0.4621099898913536
12.2265625	0.47528526820185796
12.23046875	0.48752390252293515
12.234375	0.498700743609302
12.23828125	0.508696140242396
12.2421875	0.5173959392303751
12.24609375	0.5246915006159054
12.25	0.5304811596841943
12.25390625	0.5346714416920072
12.2578125	0.5371746558566984
12.26171875	0.5379086094223438
12.265625	0.5367966076597386
12.26953125	0.5337041763140563
12.2734375	0.5286483989298321
12.27734375	0.5218114958281761
12.28125	0.5133709959994985
12.28515625	0.5034994794268308
12.2890625	0.4923645770858264
12.29296875	0.4801289709447593
12.296875	0.4669503939645262
12.30078125	0.4529816300986439
12.3046875	0.43837051429325147
12.30859375	0.4232599324871092
12.3125	0.40778782161159854
12.31640625	0.3920871695907231
12.3203125	0.37628601534110734
12.32421875	0.3605074487719972
12.328125	0.3448696107852603
12.33203125	0.3294856932753854
12.3359375	0.31446393912948295
12.33984375	0.29990764222728483
12.34375	0.28591514744114416
12.34765625	0.27257983401825886
12.3515625	0.2599893371107265
12.35546875	0.24822521440446776
12.359375	0.23736398677177759
12.36328125	0.2274453280345596
12.3671875	0.2184297295024174
12.37109375	0.21027096733213016
12.375	0.20292368662488383
12.37890625	0.19634340142627105
12.3828125	0.1904864947262915
12.38671875	0.18531021845935144
12.390625	0.1807726935042639
12.39453125	0.17683290968424892
12.3984375	0.17345072576693318
12.40234375	0.17058686946435
12.40625	0.16820293743293963
12.41015625	0.1662613952735492
12.4140625	0.16472557753143244
12.41796875	0.1635596876962498
12.421875	0.16272879820206895
12.42578125	0.16219883483281725
12.4296875	0.1619363701482569
12.43359375	0.16190868016643445
12.4375	0.16208390590096267
12.44140625	0.1624310573098616
12.4453125	0.16292001329555764
12.44921875	0.16352148429283128
12.453125	0.1642060678413878
12.45703125	0.1649616107690889
12.4609375	0.16578552604703398
12.46484375	0.16666779425938855
12.46875	0.16759890761868496
12.47265625	0.16856986996582313
12.4765625	0.16957219677007077
12.48046875	0.17059791512906208
12.484375	0.17163956376879955
12.48828125	0.1726901930436527
12.4921875	0.17374336493635845
12.49609375	0.17479315305802093
12.5	0.175834142648112
12.50390625	0.1768614305744708
12.5078125	0.17787062533330356
12.51171875	0.17885784704918428
12.515625	0.17981972747505412
12.51953125	0.18075340999222203
12.5234375	0.18165654961036373
12.52734375	0.1825273129675229
12.53125	0.18336437833011018
12.53515625	0.18416693559290379
12.5390625	0.18493468627904938
12.54296875	0.18566784354005988
12.546875	0.18636713215581588
12.55078125	0.1870435410068583
12.5546875	0.1877075085372306
12.55859375	0.18836293492812572
12.5625	0.1890225310060501
12.56640625	0.1897077688966508
12.5703125	0.19044888202471635
12.57421875	0.19128486511417606
12.578125	0.19226347418810077
12.58203125	0.1934412265687024
12.5859375	0.1948834008773337
12.58984375	0.19666403703448915
12.59375	0.19886593625980378
12.59765625	0.20158066107205408
12.6015625	0.20490853528915765
12.60546875	0.20895864402817305
12.609375	0.21384883370530033
12.61328125	0.21970571203588024
12.6171875	0.22666481205878006
12.62109375	0.23484470702988905
12.625	0.24427690600556248
12.62890625	0.2549426076366734
12.6328125	0.26678270055395026
12.63671875	0.2796977724277506
12.640625	0.29354797349284406
12.64453125	0.3081530095530337
12.6484375	0.32329214198115563
12.65234375	0.33870391239497777
12.65625	0.3540829643463696
12.66015625	0.3690811424767746
12.6640625	0.38330980166843737
12.66796875	0.3963398523726361
12.671875	0.4077017606096819
12.67578125	0.4168855479689198
12.6796875	0.42342936175787865
12.68359375	0.4272204738771906
12.6875	0.42826929274672854
12.69140625	0.42663252702984755
12.6953125	0.4224133697722731
12.69921875	0.4157614984020999
12.703125	0.40687307472979284
12.70703125	0.39599074494818715
12.7109375	0.38340363963248675
12.71484375	0.36944737374026665
12.71875	0.35450404661147084
12.72265625	0.33900224196841366
12.7265625	0.32341702791577903
12.73046875	0.30826995694062076
12.734375	0.29386868684879897
12.73828125	0.2802757155932584
12.7421875	0.2677704394182945
12.74609375	0.25654902250154765
12.75	0.2467215121412037
12.75390625	0.23831204486256824
12.7578125	0.23126050076627377
12.76171875	0.22542162997705065
12.765625	0.22056407480164833
12.76953125	0.21637036066736182
12.7734375	0.2124368961220318
12.77734375	0.20827397283404475
12.78125	0.20330576559233238
12.78515625	0.19696685561545052
12.7890625	0.18804980438580537
12.79296875	0.17454117521353518
12.796875	0.15585093126905525
12.80078125	0.1329640407465714
12.8046875	0.10844047686407922
12.80859375	0.08641521786336434
12.8125	0.07259824701000271
12.81640625	0.07238934862034567
12.8203125	0.09325187201638212
12.82421875	0.1445620323130942
12.828125	0.23083144286323434
12.83203125	0.3516162931978696
12.8359375	0.5015173430610902
12.83984375	0.6701799191758405
12.84375	0.8423056303492095
12.84765625	0.9960967697643618
12.8515625	1.1030261299056676
12.85546875	1.1434647576074088
12.859375	1.1099029988521898
12.86328125	1.0069508935461113
12.8671875	0.8513384480661794
12.87109375	0.6695628735283907
12.875	0.4840507067174799
12.87890625	0.31323630273053266
12.8828125	0.17034106226880633
12.88671875	0.06312475891294281
12.890625	-0.006114460877031937
12.89453125	-0.040331286872336634
12.8984375	-0.04335117392830043
12.90234375	-0.024007774728956585
12.90625	0.008354360256961344
12.91015625	0.0461544716953745
12.9140625	0.0835755913868587
12.91796875	0.11656454226664416
12.921875	0.14283193840461642
12.92578125	0.1618521850053146
12.9296875	0.17519082962780397
12.93359375	0.18483064708246613
12.9375	0.19163680176467454
12.94140625	0.19637478421022633
12.9453125	0.19972195366195816
12.94921875	0.20226753806974562
12.953125	0.20451263409050438
12.95703125	0.2068703697200017
12.9609375	0.20966655577679155
12.96484375	0.21313912600362508
12.96875	0.21743788293524757
12.97265625	0.2226244978134444
12.9765625	0.22867251058703925
12.98046875	0.2354673299118962
12.984375	0.2428062331509181
12.98828125	0.25050049472890734
12.9921875	0.2588266390065983
12.99609375	0.2678638743539616
13.0	0.2776340422260663
13.00390625	0.2881459410313011
13.0078125	0.2993953261313759
13.01171875	0.3113649098413215
13.015625	0.32402436142948926
13.01953125	0.33733030711755146
13.0234375	0.35122633008050125
13.02734375	0.36564297044665195
13.03125	0.38049772529763864
13.03515625	0.39569504910214065
13.0390625	0.4111264452316519
13.04296875	0.42667057916245604
13.046875	0.44221854113438686
13.05078125	0.4577154688348733
13.0546875	0.47295969370535274
13.05859375	0.4877458423141272
13.0625	0.5018823363512591
13.06640625	0.5151932303517339
13.0703125	0.5275187806468165
13.07421875	0.5387154453640517
13.078125	0.5486558844272649
13.08203125	0.5572289595565614
13.0859375	0.5643397342683255
13.08984375	0.5699094738752225
13.09375	0.5738756454861971
13.09765625	0.5761919180064738
13.1015625	0.5768281621375583
13.10546875	0.5757704503772346
13.109375	0.5730210570195673
13.11328125	0.5685984581549015
13.1171875	0.5625373316698616
13.12109375	0.5548163032170695
13.125	0.5454715242414213
13.12890625	0.5347038208916248
13.1328125	0.5227067171605079
13.13671875	0.5096648404040369
13.140625	0.4957539213413172
13.14453125	0.4811407940545931
13.1484375	0.46598339598924776
13.15234375	0.45043076795380355
13.15625	0.43462305572871057
13.16015625	0.41869308414699075
13.1640625	0.4027693047822568
13.16796875	0.3869720792297346
13.171875	0.3714128724477873
13.17578125	0.35619425275791744
13.1796875	0.3414098918447671
13.18359375	0.3271445647561166
13.1875	0.31347414990288547
13.19140625	0.3004656290591324
13.1953125	0.28817708736205416
13.19921875	0.2766577133119872
13.203125	0.26594779877240726
13.20703125	0.2560789179712998
13.2109375	0.2471004395982409
13.21484375	0.2390007656210618
13.21875	0.23172873841987
13.22265625	0.22523510545046832
13.2265625	0.2194725192443557
13.23046875	0.2143955374087263
13.234375	0.2099606226264705
13.23828125	0.2061261426114025
13.2421875	0.202852150369396
13.24609375	0.200099874608377
13.25	0.1978322980079194
13.25390625	0.1960143083232922
13.2578125	0.19461268693327288
13.26171875	0.19359383933973767
13.265625	0.19292105733563736
13.26953125	0.19255886948177264
13.2734375	0.19247370941463948
13.27734375	0.19263391584642964
13.28125	0.1930097325650306
13.28515625	0.19357330843402581
13.2890625	0.19429869739269398
13.29296875	0.1951618584560099
13.296875	0.19614065571464362
13.30078125	0.1972148583349613
13.3046875	0.19836614055902457
13.30859375	0.19957808170459096
13.3125	0.20083616616511366
13.31640625	0.2021277834097408
13.3203125	0.2034422279833175
13.32421875	0.2047706995063838
13.328125	0.20610630267517568
13.33203125	0.20744404726162444
13.3359375	0.2087820965429006
13.33984375	0.21011828738709395
13.34375	0.2114407306911621
13.34765625	0.2127380033053603
13.3515625	0.2139999022300477
13.35546875	0.21521744461568973
13.359375	0.2163828959755801
13.36328125	0.21749195807222343
13.3671875	0.21854532819763564
13.37109375	0.21954529188615615
13.375	0.22049535482223007
13.37890625	0.2214002428404073
13.3828125	0.22226590192534312
13.38671875	0.223099498211797
13.390625	0.22390941798463398
13.39453125	0.22470526767882437
13.3984375	0.22549787387944312
13.40234375	0.22629928332167054
13.40625	0.22712276289079134
13.41015625	0.2279827996221959
13.4140625	0.2288951007013794
13.41796875	0.22987659346394185
13.421875	0.2309351162724124
13.42578125	0.2320708835684117
13.4296875	0.23337934328423166
13.43359375	0.23496321684437685
13.4375	0.23692143931643458
13.44140625	0.23934915941107338
13.4453125	0.24233793665094838
13.44921875	0.24597653259982433
13.453125	0.25035023152844904
13.45703125	0.2555405314557518
13.4609375	0.2616251023434121
13.46484375	0.2686761201990801
13.46875	0.2767597050657383
13.47265625	0.2859380336668863
13.4765625	0.29626949636910577
13.48046875	0.30780869718206094
13.484375	0.3206771555987822
13.48828125	0.3348286026471182
13.4921875	0.34987459678257
13.49609375	0.365433641762229
13.5	0.38113923843415115
13.50390625	0.3966398847373564
13.5078125	0.4115990757018285
13.51171875	0.4256953034485156
13.515625	0.43862205718932956
13.51953125	0.450087823227147
13.5234375	0.45981608495580806
13.52734375	0.4675453228601167
13.53125	0.4730290145158416
13.53515625	0.4760356345897153
13.5390625	0.47634865483943417
13.54296875	0.47376613148046626
13.546875	0.46807308238823686
13.55078125	0.4595789235197154
13.5546875	0.4488077892609824
13.55859375	0.43624692677484067
13.5625	0.4223467381618837
13.56640625	0.40752178254541216
13.5703125	0.3921508192429247
13.57421875	0.37657577114845164
13.578125	0.3611016739327454
13.58203125	0.3459966760432805
13.5859375	0.3314920387042538
13.58984375	0.3177821359165846
13.59375	0.3050244544579139
13.59765625	0.2933395938826051
13.6015625	0.28281126652174343
13.60546875	0.27348629748313735
13.609375	0.2653746246513161
13.61328125	0.25844929868753186
13.6171875	0.2530964011327101
13.62109375	0.2493209598136114
13.625	0.24584273242755436
13.62890625	0.24156955838348249
13.6328125	0.2356246975270478
13.63671875	0.2273468301406119
13.640625	0.21629005694324532
13.64453125	0.20222389909072813
13.6484375	0.18513317572449742
13.65234375	0.16521718420723525
13.65625	0.14289020501510646
13.66015625	0.11806961676831106
13.6640625	0.09287134834837736
13.66796875	0.07979622943926881
13.671875	0.08925677220721628
13.67578125	0.12819117348981962
13.6796875	0.20006332298258592
13.68359375	0.30486280323893
13.6875	0.4391048896701736
13.69140625	0.5958305505455461
13.6953125	0.764606446992184
13.69921875	0.9315249329951313
13.703125	1.074508580231228
13.70703125	1.166971895627419
13.7109375	1.1935861281224538
13.71484375	1.1491948635047176
13.71875	1.0388131955975592
13.72265625	0.8776277262592928
13.7265625	0.6909965653831942
13.73046875	0.5063386939837325
13.734375	0.337611291901152
13.73828125	0.1956852555315067
13.7421875	0.08740580352994462
13.74609375	0.015583550846830803
13.75	-0.02100549127225317
13.75390625	-0.027619915286508905
13.7578125	-0.011420375228663474
13.76171875	0.020086807909797864
13.765625	0.05858334760691972
13.76953125	0.09761441952941395
13.7734375	0.13260108122463446
13.77734375	0.16084011370555995
13.78125	0.18150401884650455
13.78515625	0.19564101938311587
13.7890625	0.2054737261007777
13.79296875	0.21216428717932798
13.796875	0.21672864901461597
13.80078125	0.22002486588632691
13.8046875	0.2227448767103532
13.80859375	0.2254145050387927
13.8125	0.2283934590599511
13.81640625	0.23187533159833998
13.8203125	0.23588760011467785
13.82421875	0.24029162670588958
13.828125	0.24502779787353068
13.83203125	0.250266028823148
13.8359375	0.2560519401772571
13.83984375	0.26242463805627664
13.84375	0.26941686996064246
13.84765625	0.27705502477080735
13.8515625	0.28535919969730733
13.85546875	0.2943439606530946
13.859375	0.30401807292960903
13.86328125	0.31438395365068483
13.8671875	0.32543764111723256
13.87109375	0.33716864713425704
13.875	0.349681641914801
13.87890625	0.3630138529890568
13.8828125	0.37701651070158737
13.88671875	0.3915440928051429
13.890625	0.40645455970656724
13.89453125	0.42160935446679915
13.8984375	0.4368734028008713
13.90234375	0.4521151130779103
13.90625	0.46720637632113765
13.91015625	0.482022566207868
13.9140625	0.49644253906951114
13.91796875	0.5103486338915711
13.921875	0.5236266723136451
13.92578125	0.5361659586294262
13.9296875	0.5478592797866996
13.93359375	0.558602905387347
13.9375	0.5682965876873429
13.94140625	0.5768435615967561
13.9453125	0.5841505446797497
13.94921875	0.5901277371545809
13.953125	0.5946888218936025
13.95703125	0.5977509644232594
13.9609375	0.5992348129240923
13.96484375	0.5990644982307346
13.96875	0.5971673795441778
13.97265625	0.5933923036146217
13.9765625	0.5876750017920062
13.98046875	0.580212671650323
13.984375	0.5711992738697607
13.98828125	0.5608208520263203
13.9921875	0.5492555325918148
13.99609375	0.5366735249338696
14.0	0.5232371213159219
14.00390625	0.509100696897222
14.0078125	0.49441070973283197
14.01171875	0.4793057007736261
14.015625	0.4639162938662911
14.01953125	0.4483651957533254
14.0234375	0.4327671960730405
14.02734375	0.41722916735955984
14.03125	0.40185006504281895
14.03515625	0.3867209274485658
14.0390625	0.3719248757983605
14.04296875	0.35753711420957573
14.046875	0.3436249296953957
14.05078125	0.3302476921648179
14.0546875	0.317456827106525
14.05859375	0.30529525002961766
14.0625	0.29379738548554085
14.06640625	0.2829897174110787
14.0703125	0.27289134227170764
14.07421875	0.2635158990426874
14.078125	0.2548698230662971
14.08203125	0.24695163265634018
14.0859375	0.2397547018066537
14.08984375	0.23326722012473414
14.09375	0.22744186308065767
14.09765625	0.22222879647305205
14.1015625	0.21758021626801796
14.10546875	0.21345034859912945
14.109375	0.20979544976743342
14.11328125	0.20657380624144997
14.1171875	0.20374573465717247
14.12109375	0.2012735818180669
14.125	0.19912172469507244
14.12890625	0.1972565704266021
14.1328125	0.19564655631854094
14.13671875	0.194262149844248
14.140625	0.1930758486445544
14.14453125	0.19206218052776539
14.1484375	0.19119770346965873
14.15234375	0.19046100561348503
14.15625	0.1898327052699687
14.16015625	0.18929545091730676
14.1640625	0.18883392120116949
14.16796875	0.18843482496158126
14.171875	0.18808727270400669
14.17578125	0.18778370972590122
14.1796875	0.18751889772304353
14.18359375	0.18728962855868636
14.1875	0.18709472426355453
14.19140625	0.18693503703584613
14.1953125	0.18681539807823322
14.19921875	0.18673672625305454
14.203125	0.18669417617028597
14.20703125	0.18668381713733193
14.2109375	0.18670266598142696
14.21484375	0.18674868704963557
14.21875	0.18682079220885192
14.22265625	0.18691884084580113
14.2265625	0.18704363986703695
14.23046875	0.1871969436989441
14.234375	0.18738145428773717
14.23828125	0.18760082109946072
14.2421875	0.18785964111998907
14.24609375	0.1881634588550268
14.25	0.18851876633010842
14.25390625	0.18893300309059832
14.2578125	0.18941456486827093
14.26171875	0.1899731874786953
14.265625	0.19062009896785848
14.26953125	0.19136751048182
14.2734375	0.19222598422929088
14.27734375	0.19320009390641382
14.28125	0.19429421494949675
14.28515625	0.19551367031467773
14.2890625	0.19686473047792574
14.29296875	0.1983486585640049
14.296875	0.1999683618817906
14.30078125	0.2017975665665696
14.3046875	0.20391658492602108
14.30859375	0.20640409074029611
14.3125	0.20933711926201828
14.31640625	0.21279106721628294
14.3203125	0.21683969280065768
14.32421875	0.2215551156851823
14.328125	0.22700781701236838
14.33203125	0.2332666393971998
14.3359375	0.24039878692713237
14.33984375	0.2484698251620944
14.34375	0.25754368113448617
14.34765625	0.2676826433491791
14.3515625	0.27894736198513054
14.35546875	0.29145604956276694
14.359375	0.30509114290638967
14.36328125	0.3195586612318938
14.3671875	0.3345637430081337
14.37109375	0.3498106702371117
14.375	0.3650064679055877
14.37890625	0.37986472092540136
14.3828125	0.394099047389272
14.38671875	0.40742218464287877
14.390625	0.4195459892848606
14.39453125	0.4301814371668159
14.3984375	0.4390386233933026
14.40234375	0.44582676232183915
14.40625	0.45025418756290303
14.41015625	0.452028351979931
14.4140625	0.45084933759049906
14.41796875	0.4466266785380071
14.421875	0.43968857213387297
14.42578125	0.43039034472680704
14.4296875	0.4190780022156299
14.43359375	0.4060882300492721
14.4375	0.3917483932267746
14.44140625	0.376376536297289
14.4453125	0.36028138336007653
14.44921875	0.343762338064508
14.453125	0.3271094836100673
14.45703125	0.31060358274634503
14.4609375	0.2945160750889061
14.46484375	0.27910871083203426
14.46875	0.26463317803191805
14.47265625	0.25133174707734446
14.4765625	0.23959255978192331
14.48046875	0.23017262652389608
14.484375	0.22250915440470012
14.48828125	0.21592054649039422
14.4921875	0.20979900383094163
14.49609375	0.2036105254602098
14.5	0.19689490839596968
14.50390625	0.18926574763989693
14.5078125	0.18041043617757302
14.51171875	0.17009016497848148
14.515625	0.1581399229960115
14.51953125	0.14446849716745544
14.5234375	0.1290584724140109
14.52734375	0.11196623164077955
14.53125	0.09332195573676691
14.53515625	0.07332962357488379
14.5390625	0.05226701201194395
14.54296875	0.032878705882095315
14.546875	0.024795259204716126
14.55078125	0.03671304289544521
14.5546875	0.07479112633749133
14.55859375	0.14265148719528864
14.5625	0.24137901141449553
14.56640625	0.36952149322199496
14.5703125	0.5230896351258951
14.57421875	0.6956508249462767
14.578125	0.8706396097485246
14.58203125	1.0194803683852145
14.5859375	1.1200955621480408
14.58984375	1.1585510425078922
14.59375	1.1290560511148489
14.59765625	1.033957613546652
14.6015625	0.8843789941480368
14.60546875	0.7049318691237072
14.609375	0.5196960352865918
14.61328125	0.34735333611218777
14.6171875	0.20118766173855435
14.62109375	0.08908494896632044
14.625	0.016390393507648298
14.62890625	-0.017159587370196246
14.6328125	-0.021576101721155684
14.63671875	-0.005837210432740526
14.640625	0.02237352367328471
14.64453125	0.05666703584090052
14.6484375	0.09194875937983293
14.65234375	0.12441862566555285
14.65625	0.1515710641392768
14.66015625	0.1721950023079678
14.6640625	0.18637386598607342
14.66796875	0.19548661557287197
14.671875	0.2018186285979885
14.67578125	0.20639686591330517
14.6796875	0.20970653130263972
14.68359375	0.21218463091633705
14.6875	0.21421208025550587
14.69140625	0.21611336156867333
14.6953125	0.21815652385178488
14.69921875	0.2205531828482041
14.703125	0.22345852104871314
14.70703125	0.2269712876915125
14.7109375	0.2311337987622204
14.71484375	0.23593193699387371
14.71875	0.24129515186692807
14.72265625	0.24712020688907532
14.7265625	0.2535269260237042
14.73046875	0.26060028281293673
14.734375	0.26837563119963326
14.73828125	0.276875636092812
14.7421875	0.28611027336764633
14.74609375	0.29607682986546646
14.75	0.30675990339375847
14.75390625	0.31813140272616536
14.7578125	0.33015054760248663
14.76171875	0.3427638687286774
14.765625	0.3559052077768499
14.76953125	0.3694957173852716
14.7734375	0.3834438611583679
14.77734375	0.39764490562756216
14.78125	0.4119739008166623
14.78515625	0.4262934141731412
14.7890625	0.4405387596029348
14.79296875	0.4545344638030942
14.796875	0.4680735320615519
14.80078125	0.48096541276159377
14.8046875	0.4930359973818581
14.80859375	0.5041276204963343
14.8125	0.5140990597743657
14.81640625	0.522825535980647
14.8203125	0.5301987129752253
14.82421875	0.5361266977134999
14.828125	0.5405340402462233
14.83203125	0.5433617337194996
14.8359375	0.5445672143747845
14.83984375	0.5441243615488874
14.84375	0.5420234976739694
14.84765625	0.5382713882775438
14.8515625	0.5328912419824765
14.85546875	0.5259204786037338
14.859375	0.5173145417825057
14.86328125	0.5071780620981268
14.8671875	0.4957008630811761
14.87109375	0.48306443551999284
14.875	0.46944133622215195
14.87890625	0.45499618064391956
14.8828125	0.43988998425383485
14.88671875	0.4242783244855112
14.890625	0.408308655391702
14.89453125	0.3921202712166332
14.8984375	0.3758443063960011
14.90234375	0.35960373555697306
14.90625	0.3435133735181871
14.91015625	0.3276798752897526
14.9140625	0.31220173607324964
14.91796875	0.2971692912617296
14.921875	0.28266471643971397
14.92578125	0.2687620273831963
14.9296875	0.2555270800596404
14.93359375	0.2430175706279812
14.9375	0.2312830354386245
14.94140625	0.22036485103344705
14.9453125	0.210316752171218
14.94921875	0.20115494634518064
14.953125	0.19282824362207654
14.95703125	0.18528634742216396
14.9609375	0.17848068759245833
14.96484375	0.17236442040673164
14.96875	0.16689242856551292
14.97265625	0.16202132119608811
14.9765625	0.15770943385250005
14.98046875	0.15391659365514831
14.984375	0.15060255469328995
14.98828125	0.1477279653452501
14.9921875	0.14525519590965152
14.99609375	0.14314834311187427
15.0	0.14137323010405559
15.00390625	0.139897406465089
15.0078125	0.13869014820062547
15.01171875	0.13772245774307235
15.015625	0.1369670639515944
15.01953125	0.1363984221121127
15.0234375	0.13599271393730572
15.02734375	0.1357278475666086
15.03125	0.13558345756621315
15.03515625	0.1355409049290687
15.0390625	0.13558327707488083
15.04296875	0.13569538785011234
15.046875	0.13586377752798273
15.05078125	0.1360767128084685
15.0546875	0.13632418681830316
15.05859375	0.13659791911097693
15.0625	0.13689135566673677
15.06640625	0.13719966889258706
15.0703125	0.13752732653493752
15.07421875	0.13788758909602478
15.078125	0.13826957455623548
15.08203125	0.13866254977399012
15.0859375	0.1390565287795462
15.08984375	0.13944275915361587
15.09375	0.1398139893647381
15.09765625	0.1401644690855539
15.1015625	0.1404899491928067
15.10546875	0.14078768176734174
15.109375	0.1410564200941064
15.11328125	0.14129641866215048
15.1171875	0.1415094331646252
15.12109375	0.14169872049878474
15.125	0.14186903876598467
15.12890625	0.14202664727168332
15.1328125	0.14217930652544022
15.13671875	0.1423362782409179
15.140625	0.14250832533588043
15.14453125	0.14270771193219417
15.1484375	0.14294820335582764
15.15234375	0.14324506613685117
15.15625	0.1436150680094376
15.16015625	0.14407647791186148
15.1640625	0.14464906598649993
15.16796875	0.14535271001084168
15.171875	0.1461534284312197
15.17578125	0.1471443717506448
15.1796875	0.14847558734150668
15.18359375	0.150283360270672
15.1875	0.15269334238212098
15.19140625	0.15581757516772335
15.1953125	0.15975339238550482
15.19921875	0.16458342004401086
15.203125	0.17037557640230677
15.20703125	0.1771830719699779
15.2109375	0.18504440950712922
15.21484375	0.1939833840243867
15.21875	0.20400908278289515
15.22265625	0.21511588529431966
15.2265625	0.22728346332084529
15.23046875	0.24047686534133644
15.234375	0.2547741254804444
15.23828125	0.26988861187414875
15.2421875	0.28528725490580703
15.24609375	0.3004838078779783
15.25	0.31503884701242185
15.25390625	0.32855977145009896
15.2578125	0.34070080325117136
15.26171875	0.35116298739500135
15.265625	0.3596941917801533
15.26953125	0.36608910722439236
15.2734375	0.37018924746468373
15.27734375	0.3718829379696923
15.28125	0.3711052059114283
15.28515625	0.3678358279906364
15.2890625	0.36209487994954137
15.29296875	0.3539479326911494
15.296875	0.34349047538660127
15.30078125	0.3310875522215827
15.3046875	0.3172616465592631
15.30859375	0.30248921395987116
15.3125	0.2871997574498154
15.31640625	0.2717758275216839
15.3203125	0.25655302213424536
15.32421875	0.24181998671244642
15.328125	0.22781841414741527
15.33203125	0.2147430447964595
15.3359375	0.20274166648306613
15.33984375	0.19191511449690224
15.34375	0.18231727159381478
15.34765625	0.17395506799583002
15.3515625	0.16678848139115499
15.35546875	0.16073053693417538
15.359375	0.1556473072454574
15.36328125	0.1514775008254404
15.3671875	0.14840165431013494
15.37109375	0.14523522251542287
15.375	0.14079340281699135
15.37890625	0.13413353791235405
15.3828125	0.12455512039858568
15.38671875	0.11160147304242961
15.390625	0.09506225536905279
15.39453125	0.07496991303890302
15.3984375	0.05158603258538484
15.40234375	0.025188469672504613
15.40625	0.0030941483394830924
15.41015625	-0.005928844795837352
15.4140625	0.005049507457868786
15.41796875	0.04112115286541121
15.421875	0.10553996976508301
15.42578125	0.19972176706866138
15.4296875	0.3232442842614062
15.43359375	0.47384719140206244
15.4375	0.6465742780737656
15.44140625	0.8203106466877956
15.4453125	0.9667762760589753
15.44921875	1.0646046624378178
15.453125	1.099635927335433
15.45703125	1.0649168175235226
15.4609375	0.9608548982314588
15.46484375	0.8029909108948531
15.46875	0.6195039531362085
15.47265625	0.43425622021578575
15.4765625	0.26548853603114075
15.48046875	0.1258203462636139
15.484375	0.02226892229283249
15.48828125	-0.03971890953100079
15.4921875	-0.06511399416410658
15.49609375	-0.06397538851173888
15.5	-0.04503624474138009
15.50390625	-0.01570381028274237
15.5078125	0.017940572172234173
15.51171875	0.05114146466937903
15.515625	0.08046933399229447
15.51953125	0.10382055166235235
15.5234375	0.12041739393869674
15.52734375	0.13088807688883058
15.53125	0.13776502029549653
15.53515625	0.14235426948622143
15.5390625	0.14539089981400674
15.54296875	0.14751082108460795
15.546875	0.14925077755653055
15.55078125	0.15104834794103283
15.5546875	0.15324194540212502
15.55859375	0.15607081755656932
15.5625	0.1596750464738802
15.56640625	0.1640955486763239
15.5703125	0.16927407513891887
15.57421875	0.1750532112894359
15.578125	0.18134317376767667
15.58203125	0.18835617427700538
15.5859375	0.1961490441041592
15.58984375	0.20475643926487017
15.59375	0.21419473177448872
15.59765625	0.22446712203721933
15.6015625	0.23556409294285705
15.60546875	0.24746340986678705
15.609375	0.2601301206699843
15.61328125	0.2735165556990141
15.6171875	0.2875623277860322
15.62109375	0.30219433224878395
15.625	0.31732674689060525
15.62890625	0.3328610320004219
15.6328125	0.3486864372021491
15.63671875	0.36475460922327513
15.640625	0.38092568153845763
15.64453125	0.39698695528241595
15.6484375	0.4127380281832673
15.65234375	0.427990794562527
15.65625	0.4425694453351105
15.66015625	0.4563104680093311
15.6640625	0.469062646686901
15.66796875	0.48068706206293127
15.671875	0.49105709142593085
15.67578125	0.5000584086578084
15.6796875	0.5075889842338708
15.68359375	0.5135590914918998
15.6875	0.5178916086525306
15.69140625	0.5205245177444721
15.6953125	0.5214110580210869
15.69921875	0.5205169316511588
15.703125	0.5178168157057742
15.70703125	0.5131327803097512
15.7109375	0.5065249824451148
15.71484375	0.4982040413281516
15.71875	0.4883722123672408
15.72265625	0.47722338716285295
15.7265625	0.46494309350755036
15.73046875	0.4517084953859875
15.734375	0.43768839297491074
15.73828125	0.4230432226431576
15.7421875	0.4079250569516583
15.74609375	0.3924776046534345
15.75	0.37683621069359935
15.75390625	0.3611278562093581
15.7578125	0.3454711585300086
15.76171875	0.32997637117693934
15.765625	0.31474538386363093
15.76953125	0.2998717224956563
15.7734375	0.28544054917068
15.77734375	0.2715286621784583
15.78125	0.2582044960008392
15.78515625	0.24552812131176263
15.7890625	0.2335512636797175
15.79296875	0.2223176531477209
15.796875	0.21186299282292725
15.80078125	0.20221463440930543
15.8046875	0.19339156812695865
15.80859375	0.18540522005026708
15.8125	0.17821978820113915
15.81640625	0.171779719138327
15.8203125	0.1660316212329836
15.82421875	0.16092426466866339
15.828125	0.15640858144132203
15.83203125	0.1524376653593169
15.8359375	0.14896677204340586
15.83984375	0.14595331892674834
15.84375	0.14335688525490523
15.84765625	0.14113921208583838
15.8515625	0.13926420228991115
15.85546875	0.13769792054988797
15.859375	0.13640859336093447
15.86328125	0.13536660903061765
15.8671875	0.13454451767890593
15.87109375	0.13391703123816878
15.875	0.13346102345317667
15.87890625	0.13315552988110185
15.8828125	0.13298174789151737
15.88671875	0.13292303535914277
15.890625	0.13296465980364947
15.89453125	0.13309211333143386
15.8984375	0.1332918008247089
15.90234375	0.13355226232939038
15.90625	0.13386419970379704
15.91015625	0.13422047661864758
15.9140625	0.13461611855706207
15.91796875	0.13505177104178845
15.921875	0.13553609747588075
15.92578125	0.13605738535004713
15.9296875	0.13660308646176908
15.93359375	0.1371621642156596
15.9375	0.1377250936234626
15.94140625	0.13828386130405332
15.9453125	0.13883196548343826
15.94921875	0.13936441599475477
15.953125	0.13987773427827194
15.95703125	0.14036995338138944
15.9609375	0.14084061795863867
15.96484375	0.14129078427168196
15.96875	0.14172302018931277
15.97265625	0.142141405187456
15.9765625	0.1425515303491675
15.98046875	0.14296049836463448
15.984375	0.1433769235311753
15.98828125	0.14381093175323945
15.9921875	0.1442744586264212
15.99609375	0.14478381787695116
16.0	0.14535843465264098
16.00390625	0.14601926311055752
16.0078125	0.1467887690148987
16.01171875	0.14769092973699371
16.015625	0.14875042856690257
16.01953125	0.14993798347619336
16.0234375	0.1513489037018862
16.02734375	0.15314357085568994
16.03125	0.15546710019838542
16.03515625	0.15844934063982377
16.0390625	0.16220487473892786
16.04296875	0.1668330187036914
16.046875	0.17241782239117953
16.05078125	0.17902806930752835
16.0546875	0.1867172766079454
16.05859375	0.19552369509670905
16.0625	0.20547030922716952
16.06640625	0.2165648371017473
16.0703125	0.22879973047193491
16.07421875	0.24215217473829537
16.078125	0.2566013642987496
16.08203125	0.27221268478203225
16.0859375	0.28853160833842006
16.08984375	0.30501041356526787
16.09375	0.32115101760583875
16.09765625	0.336500401762623
16.1015625	0.3506536343638775
16.10546875	0.3632561618574076
16.109375	0.3740038178742541
16.11328125	0.38264282322869303
16.1171875	0.38896978591823544
16.12109375	0.3928317011236279
16.125	0.39412595120885197
16.12890625	0.3928003057211243
16.1328125	0.3888529213908972
16.13671875	0.38233234213185846
16.140625	0.37332464872846444
16.14453125	0.3620573437010129
16.1484375	0.349070224977051
16.15234375	0.3348857464369146
16.15625	0.3199749522552817
16.16015625	0.30475747690117266
16.1640625	0.2896015451379504
16.16796875	0.27482397202331943
16.171875	0.2606901629093272
16.17578125	0.24741411344236353
16.1796875	0.23515840956316006
16.18359375	0.22403422750679108
16.1875	0.21410133380267315
16.19140625	0.20536808527456496
16.1953125	0.19779288705742587
16.19921875	0.19129045812434306
16.203125	0.1857266555420987
16.20703125	0.18091657861513252
16.2109375	0.17698161832114745
16.21484375	0.17311772856745217
16.21875	0.16801846042647012
16.22265625	0.16063693669562853
16.2265625	0.1501858518973591
16.23046875	0.13613747227909714
16.234375	0.1182236358132821
16.23828125	0.09643575219735774
16.2421875	0.07090081080180567
16.24609375	0.04572155870160478
16.25	0.028870040948783256
16.25390625	0.02734712405538491
16.2578125	0.047027879317744097
16.26171875	0.09266158281648502
16.265625	0.16787171541652177
16.26953125	0.2751559627670586
16.2734375	0.4157642422939868
16.27734375	0.5824152922694283
16.28125	0.7555474170406343
16.28515625	0.914030510480842
16.2890625	1.0361483081225937
16.29296875	1.099598387157734
