time_s	ecg_mV
0.0	1.112505302674494
0.004	1.0443517014547914
0.008	0.8696698462051126
0.012	0.6270343566703939
0.016	0.36063810499230775
0.02	0.11500479460687352
0.024	-0.08472141157630941
0.028	-0.226400217296697
0.032	-0.30660263359142204
0.036	-0.3306111029475468
0.04	-0.31199090035746263
0.044	-0.2665669881936311
0.048	-0.2105835671473763
0.052	-0.15655920214220864
0.056	-0.11229589635467496
0.06	-0.08087909121435793
0.064	-0.06067766640387723
0.068	-0.04716385226128256
0.072	-0.03801933871041663
0.076	-0.031296493705975315
0.08	-0.025465378354570023
0.084	-0.019420568663182203
0.088	-0.012481155539162792
0.092	-0.004390744790232659
0.096	0.004683574402633117
0.1	0.014656311253006538
0.104	0.025755491669410213
0.108	0.03804557059503183
0.112	0.05156470195720125
0.116	0.06632473866738908
0.12	0.08231123262120787
0.124	0.09948343469841159
0.128	0.11777429476289547
0.132	0.13709046166269645
0.136	0.1573122832299929
0.14	0.1783276149517845
0.144	0.2000443188998633
0.148	0.2221515071833251
0.152	0.24432799396514293
0.156	0.26626371057583387
0.16	0.28765970551346154
0.164	0.30822814444363444
0.168	0.32769231019950695
0.172	0.345786602781779
0.176	0.36225653935869573
0.18	0.37685875426604853
0.184	0.38936099900717325
0.188	0.3995421422529526
0.192	0.4071921698418134
0.196	0.4121121847797289
0.2	0.41402563902476563
0.204	0.41263521796550695
0.208	0.40816111968989854
0.212	0.4008583356558427
0.216	0.3909798197047025
0.22	0.37877648806130204
0.224	0.36449721933392665
0.228	0.3483888545143229
0.232	0.3306961969776988
0.236	0.3116620124827232
0.24	0.2915270291715264
0.244	0.27052993756969945
0.248	0.24890739058629519
0.252	0.22689400351382716
0.256	0.20472235402827055
0.26	0.18262298218906114
0.264	0.16082439043909658
0.268	0.1395530436047352
0.272	0.11903336889579674
0.276	0.09948775590556186
0.28	0.08113655661077307
0.284	0.06419738733329888
0.288	0.048747953461096616
0.292	0.03470912336548243
0.296	0.02202113103271669
0.3	0.0106230346177974
0.304	0.00045271644445871173
0.308	-0.008553116994828192
0.312	-0.01645893503885565
0.316	-0.023330382857678966
0.32	-0.029234281452617195
0.324	-0.034238627656252185
0.328	-0.03841259413242948
0.332	-0.04182652937625747
0.336	-0.044551957714108414
0.34	-0.04666157930361731
0.344	-0.048229270133682556
0.348	-0.04933008202446609
0.352	-0.05004024262739298
0.356	-0.050437155425151425
0.36	-0.05059939973169303
0.364	-0.05058690453275755
0.368	-0.05034095445852571
0.372	-0.049907483524269824
0.376	-0.0493461855742679
0.38	-0.0487034483698045
0.384	-0.04801235358917105
0.388	-0.047292676827665414
0.392	-0.046550887597592294
0.396	-0.045780149328262854
0.4	-0.044960319365995094
0.404	-0.04405794897411347
0.408	-0.04302628333294922
0.412	-0.0418052615398401
0.416	-0.04032151660913069
0.42	-0.03848837547217204
0.424	-0.03620585897732187
0.428	-0.03336068188994473
0.432	-0.02982625289241153
0.436	-0.025462674584099954
0.44	-0.020203898838191736
0.444	-0.013869409472324512
0.448	-0.006064807268482908
0.452	0.003508759028327202
0.456	0.015050311930148164
0.46	0.028659045206071376
0.464	0.04433432388223707
0.468	0.06197568424183414
0.472	0.08138283382510031
0.476	0.10225565142932191
0.48	0.12419418710883423
0.484	0.14669866217502192
0.488	0.16916946919631726
0.492	0.19101220510262817
0.496	0.21150539727425954
0.5	0.22965741469617074
0.504	0.2446502121101627
0.508	0.25585078812702466
0.512	0.262811185226535
0.516	0.2652684897574602
0.52	0.2631448319375551
0.524	0.2565473858535636
0.528	0.24576836946121794
0.532	0.23128504458523935
0.536	0.21375971691933682
0.54	0.19391110553645996
0.544	0.17243684858593056
0.548	0.15024375036540127
0.552	0.1281161869552624
0.556	0.1067053731076455
0.56	0.08652936224642366
0.564	0.06797304646721103
0.568	0.051288156537363516
0.572	0.03659326189597817
0.576	0.02387377065389351
0.58	0.012981929593689767
0.584	0.0038025965516159665
0.588	-0.004890022213606182
0.592	-0.015022229201653359
0.596	-0.028352843032830255
0.6	-0.04647199497879817
0.604	-0.07080112896257529
0.608	-0.10265199377393558
0.612	-0.13954430123769723
0.616	-0.17137028695128953
0.62	-0.18725294638517295
0.624	-0.17629248868670003
0.628	-0.12756633668011552
0.632	-0.030129126866556166
0.636	0.12590839023524558
0.64	0.3334884130537572
0.644	0.5709943958676204
0.648	0.8090308286928592
0.652	1.0104433521436706
0.656	1.1303187574324216
0.66	1.123928014220712
0.664	1.000128740003818
0.668	0.7940870503129694
0.672	0.5418317439969806
0.676	0.28012665866724495
0.68	0.04647067069773936
0.684	-0.1299534147650388
0.688	-0.24627702557055484
0.692	-0.30529975935990594
0.696	-0.31426302860014516
0.7	-0.28488026726072124
0.704	-0.23333693081347942
0.708	-0.17731761415034003
0.712	-0.12602394800639033
0.716	-0.08436861628492776
0.72	-0.05442745202440519
0.724	-0.035436748256587214
0.728	-0.023793258006550244
0.732	-0.01509970622511786
0.736	-0.008084877754650555
0.74	-0.0016731891211678174
0.744	0.004946632895324321
0.748	0.01231990391768445
0.752	0.02072598197163522
0.756	0.030178267485763632
0.76	0.040588459545291944
0.764	0.052105301694338135
0.768	0.06479454662764239
0.772	0.07869358297915924
0.776	0.0938137076988349
0.78	0.11014012605260759
0.784	0.12763195162240737
0.788	0.1462222063061559
0.792	0.16581782031776693
0.796	0.18629963218714585
0.8	0.2075238460588157
0.804	0.22941379167687315
0.808	0.25173545219348503
0.812	0.2741636866946613
0.816	0.2963857760722224
0.82	0.3181014230237982
0.824	0.3390227520528295
0.828	0.35887430946856647
0.832	0.3773930633860696
0.836	0.39432840372620914
0.84	0.40944214221566666
0.844	0.42250851238693254
0.848	0.4333141695783074
0.852	0.4416581909339026
0.856	0.4473520754036382
0.86	0.4501934055904694
0.864	0.4497824313847216
0.868	0.44623433734358675
0.872	0.4398071983424101
0.876	0.43075606120096
0.88	0.4193329446834275
0.884	0.405786839498427
0.888	0.3903637082989959
0.892	0.3733064856825946
0.896	0.3548550781911064
0.9	0.33524636431083754
0.904	0.3147141944725178
0.908	0.29348939105129934
0.912	0.2717997483667577
0.916	0.24987003268289143
0.92	0.22792198220812232
0.924	0.2061743070952945
0.928	0.1848426894416756
0.932	0.1641397832889564
0.936	0.14427521462325055
0.94	0.1254555813750946
0.944	0.1078844534194483
0.948	0.09175432830467345
0.952	0.07707663347217919
0.956	0.06377431765302033
0.96	0.05178541613013987
0.964	0.04104719354609193
0.968	0.03149614390304406
0.972	0.023067990562775587
0.976	0.015697686246678333
0.98	0.009319413035756563
0.984	0.0038665823706264812
0.988	-0.00072816494848299
0.992	-0.004532958761731154
0.996	-0.007616699549664263
1.0	-0.010049058433216851
1.004	-0.011900477173710844
1.008	-0.013242168172856006
1.012	-0.014146114472749605
1.016	-0.014685069755876745
1.02	-0.014932558345110203
1.024	-0.014962875203710368
1.028	-0.014825521048668466
1.032	-0.014470966132479224
1.036	-0.013948069400413488
1.04	-0.013309841279980805
1.044	-0.012597071522562231
1.048	-0.011838329203410436
1.052	-0.011049962721649487
1.056	-0.010236099800275122
1.06	-0.009388647486154644
1.064	-0.00848729215002697
1.068	-0.007499499486502359
1.072	-0.006380514514062907
1.076	-0.005073361575062052
1.08	-0.0035088443357248478
1.084	-0.0016055457861480216
1.088	0.0007301717597003599
1.092	0.003604166663980446
1.096	0.007134517964981046
1.1	0.011426727536821557
1.104	0.016519631033914073
1.108	0.02276995404527854
1.112	0.030516711265980934
1.116	0.04001335332773587
1.12	0.05142776679890709
1.124	0.06484227418450711
1.128	0.08025363392619761
1.132	0.09757304040228876
1.136	0.11662612392773963
1.14	0.1371529507541588
1.144	0.1588080230698029
1.148	0.18116027899957798
1.152	0.20373601342272407
1.156	0.22603320281333372
1.16	0.24704105196429205
1.164	0.2658265874996093
1.168	0.28161955019025575
1.172	0.29381239495415945
1.176	0.30196029085620746
1.18	0.3057811211082453
1.184	0.30515548306907614
1.188	0.30012668824446265
1.192	0.290900762287125
1.196	0.27784644499674227
1.2	0.2614460106084603
1.204	0.242209372248386
1.208	0.22109619659327184
1.212	0.1990137701388276
1.216	0.17674596556534272
1.22	0.1549532417376861
1.224	0.13417264370530624
1.228	0.1148178027022313
1.232	0.09717893614706863
1.236	0.08142284764300523
1.24	0.0675929269778075
1.244	0.055609150123821616
1.248	0.04526807923797299
1.252	0.03700201568068562
1.256	0.029217318083045285
1.26	0.018398752369371885
1.264	0.002282907771827991
1.268	-0.020117507265995427
1.272	-0.04851366508907873
1.276	-0.08134061883097354
1.28	-0.11576332901225705
1.284	-0.1484469375213236
1.288	-0.16338303762005713
1.292	-0.14322216638751623
1.296	-0.07669696750636357
1.3	0.04137780873713459
1.304	0.21010530545310768
1.308	0.4225065591480818
1.312	0.6655789595887144
1.316	0.9104058693146858
1.32	1.1001790799111024
1.324	1.1930970623689365
1.328	1.1702902966146116
1.332	1.0358212715100037
1.336	0.8162652030774956
1.34	0.5543708411469044
1.344	0.2938546592032969
1.348	0.06699111989757212
1.352	-0.10637024490802105
1.356	-0.21880483413988489
1.36	-0.27226686428210967
1.364	-0.27438959375431915
1.368	-0.2434489612583244
1.372	-0.19506362705234853
1.376	-0.14148479448098883
1.38	-0.09159620997521573
1.384	-0.05091416305237484
1.388	-0.021587486316183402
1.392	-0.0019917390979050653
1.396	0.01189848166587415
1.4	0.02182718434016151
1.404	0.029171823525221074
1.408	0.03511465912304251
1.412	0.04064275633734232
1.416	0.04654798567356244
1.42	0.05342702293887097
1.424	0.06168134924216229
1.428	0.0715172509940567
1.432	0.08294581990690064
1.436	0.09578295299476614
1.44	0.1096493525734521
1.444	0.12431877313508544
1.448	0.14015753207041903
1.452	0.15715270932381764
1.456	0.17525007647315505
1.46	0.1943676778707112
1.464	0.21439583064317214
1.468	0.2351971246916299
1.472	0.2566064226915825
1.476	0.27843086009293405
1.48	0.30044984511999473
1.484	0.3224150587714808
1.488	0.34405045482051433
1.492	0.3650959018187392
1.496	0.38537396523570044
1.5	0.40451192283563164
1.504	0.42215560388711215
1.508	0.4379936174307798
1.512	0.45175735227933167
1.516	0.46322097701752296
1.52	0.4722014400021677
1.524	0.47855846936213864
1.528	0.4821945729983673
1.532	0.48305503858384347
1.536	0.48112793356361605
1.54	0.4764441051547925
1.544	0.46907718034653856
1.548	0.4591435659000793
1.552	0.44680244834869753
1.556	0.43217574034315354
1.56	0.41540134667954665
1.564	0.3968417253482476
1.568	0.3768461813538534
1.572	0.35574391387884663
1.576	0.33384401628359517
1.58	0.31143547610635214
1.584	0.28878717506325646
1.588	0.2661478890483324
1.592	0.2437462881334892
1.596	0.22179093656852222
1.6	0.20047029278111195
1.604	0.17995270937682417
1.608	0.16038643313911016
1.612	0.14189960502930699
1.616	0.12460026018663661
1.62	0.10857632792820682
1.624	0.09391695678641915
1.628	0.08062805023653724
1.632	0.06864298569106597
1.636	0.057894801561670095
1.64	0.04831634089347525
1.644	0.03984025136506841
1.648	0.03239898528849794
1.652	0.025924799609272742
1.656	0.020349755906363454
1.66	0.015605720392201594
1.664	0.011624363912680014
1.668	0.008337161947152727
1.672	0.005675394608434636
1.676	0.0035701466428018636
1.68	0.0019523074299920284
1.684	0.0007525709832036376
1.688	-9.856405090352682e-05
1.692	-0.000670794392208629
1.696	-0.0010340121271297797
1.7	-0.0012097346593122338
1.704	-0.0011762878015798561
1.708	-0.000989700650049996
1.712	-0.0006968385357108975
1.716	-0.0003334764804374113
1.72	7.570080300783877e-05
1.724	0.0005170989109757329
1.728	0.000988213748929767
1.732	0.0014976315314462751
1.736	0.0020650287822146507
1.74	0.0027211723340371252
1.744	0.0035079193288289345
1.748	0.004478217217617986
1.752	0.005696103760545468
1.756	0.007236707026865019
1.76	0.009186245394943504
1.764	0.011642027552260736
1.768	0.01471245249540909
1.772	0.018436458084242602
1.776	0.022977408781582886
1.78	0.028698510977072544
1.784	0.03589381721549878
1.788	0.04478547928661292
1.792	0.055523748225131064
1.796	0.06818697431073367
1.8	0.08278160706806559
1.804	0.09924219526673622
1.808	0.1174313869213196
1.812	0.13713992929135366
1.816	0.15808666888134149
1.82	0.17991855147902414
1.824	0.20236579799317644
1.828	0.22467836347926595
1.832	0.24583567750606627
1.836	0.26495876030989773
1.84	0.28131022279462625
1.844	0.29429426653166324
1.848	0.3034566837599669
1.852	0.3084848573860407
1.856	0.3092077609839342
1.86	0.30559595879524304
1.864	0.2977616057291087
1.868	0.2859584473622183
1.872	0.2705345823052153
1.876	0.2519198088478578
1.88	0.23108059377817858
1.884	0.20894179460644557
1.888	0.18631044752426973
1.892	0.1638757674046042
1.896	0.1422091478017442
1.9	0.12176416095132758
1.904	0.10287655777033444
1.908	0.0857642678570869
1.912	0.07052739949124986
1.916	0.05714823963383048
1.92	0.0454912539271784
1.924	0.03530878521988701
1.928	0.027161438150851203
1.932	0.01848473303697351
1.936	0.005857082811455694
1.94	-0.012727241386509103
1.944	-0.03785811021173685
1.948	-0.0687095361130518
1.952	-0.10303967333328723
1.956	-0.13733848688543626
1.96	-0.1668065591539061
1.964	-0.17383867525170088
1.968	-0.14242977115354516
1.972	-0.06278362311669694
1.976	0.0686871523190522
1.98	0.24936109833137765
1.984	0.47040791781542113
1.988	0.716918401983
1.992	0.9552139617342236
1.996	1.1288990574643272
2.0	1.2000000000000002
2.004	1.1537289266368589
2.008	0.9984838011394485
2.012	0.7657034755426436
2.016	0.5011508488073962
2.02	0.24566134243538418
2.024	0.028859994783975496
2.028	-0.1314215297295036
2.032	-0.22914494062777127
2.036	-0.2698633917635972
2.04	-0.26288788575757666
2.044	-0.22473674737013002
2.048	-0.17218179313528756
2.052	-0.11788254335924497
2.056	-0.07038622212036416
2.06	-0.034127757269172665
2.064	-0.009429780428362677
2.068	0.006936164157615166
2.072	0.01788212617159124
2.076	0.02537877659111648
2.08	0.031059395561614855
2.084	0.03622056517967204
2.088	0.041822169493035743
2.092	0.048487394500616066
2.096	0.05650272815248475
2.1	0.06581796034987564
2.104	0.07605374025237072
2.108	0.08720252018693092
2.112	0.09951844936119753
2.116	0.11303878747019291
2.12	0.127773265563089
2.124	0.1437040860432065
2.128	0.1607859226680155
2.132	0.17894592054913583
2.136	0.1980836961523358
2.14	0.21807133729753347
2.144	0.238753403158796
2.148	0.2599891535371551
2.152	0.2816655822340012
2.156	0.3034401371947447
2.16	0.32496897744230835
2.164	0.3459275201411496
2.168	0.3660104405972603
2.172	0.38493167225816705
2.176	0.40242440671293145
2.18	0.4182410936921491
2.184	0.43215344106795095
2.188	0.4439524148540023
2.192	0.45344823920550303
2.196	0.46047039641918797
2.2	0.4648676269333263
2.204	0.4665079293277221
2.208	0.4652543986559329
2.212	0.46072808066448134
2.216	0.45308994272805825
2.22	0.4426710801430572
2.224	0.42979125946783214
2.228	0.41475891852269753
2.232	0.3978711663899288
2.236	0.37941378341376153
2.24	0.3596612212003919
2.244	0.3388766026179767
2.248	0.31731172179663336
2.252	0.2952070441284399
2.256	0.27279170626743454
2.26	0.2502835161296165
2.264	0.2278889528929452
2.268	0.20580316699734091
2.272	0.18420998014468426
2.276	0.16328188529881638
2.28	0.1431800466855392
2.284	0.12405429979261473
2.288	0.1060431513697665
2.292	0.08927377942867726
2.296	0.07386203324299151
2.3	0.059900891171883186
2.304	0.047359564546010036
2.308	0.036141690732417464
2.312	0.026153440056350785
2.316	0.017304312582190062
2.32	0.009507138113445002
2.324	0.0026780761927566177
2.328	-0.0032633838981029895
2.332	-0.0083944231382308
2.336	-0.012788892767592708
2.34	-0.016517314287023133
2.344	-0.019646879458225963
2.348	-0.022241450303773724
2.352	-0.02436155910710769
2.356	-0.02606440841253843
2.36	-0.027403871025245108
2.364	-0.0284304900112759
2.368	-0.029191478697548012
2.372	-0.029730720671847455
2.376	-0.03008876978282915
2.38	-0.030302850140016768
2.384	-0.03040685611380317
2.388	-0.03043135233545008
2.392	-0.030402205086617784
2.396	-0.03028883152643691
2.4	-0.030091703177993034
2.404	-0.029828520870115616
2.408	-0.02950009449033819
2.412	-0.02909034298489893
2.416	-0.028566294358740807
2.42	-0.027878085675510977
2.424	-0.026958963057561236
2.428	-0.025725281685948065
2.432	-0.024076505800432302
2.436	-0.021895208699479363
2.44	-0.019047072740259186
2.444	-0.015380889338646397
2.448	-0.01072855896921987
2.452	-0.004905091165263276
2.456	0.0022913954812354143
2.46	0.011079673319583427
2.464	0.02172835072297208
2.468	0.03506923288652414
2.472	0.050971000965921276
2.476	0.06889967912773726
2.48	0.08833027457977383
2.484	0.10874677757106088
2.488	0.12964216139185603
2.492	0.15051838237364534
2.496	0.1708863798891429
2.5	0.19026607635229065
2.504	0.20818637721825872
2.508	0.22418517098344537
2.512	0.2378093291854766
2.516	0.24861470640320682
2.52	0.25616614025671847
2.524	0.2600374514073216
2.528	0.25981144355755503
2.532	0.2550799034511855
2.536	0.2454819935752136
2.54	0.23158641882435727
2.544	0.21438265459142802
2.548	0.19470776155922886
2.552	0.17333770921541602
2.556	0.15098737585249988
2.56	0.1283105485678444
2.564	0.10589992326366726
2.568	0.08428710464704031
2.572	0.06394260622988884
2.576	0.045275850328991785
2.58	0.028749314655003688
2.584	0.015230177461889483
2.588	0.003784387880325979
2.592	-0.006807380864550905
2.596	-0.017669994490864427
2.6	-0.02983385765999763
2.604	-0.04423491397659279
2.608	-0.06171464598855181
2.612	-0.08302007518703591
2.616	-0.10880376200646602
2.62	-0.13962380582452216
2.624	-0.17587111447333917
2.628	-0.2100072446946833
2.632	-0.22490496846072125
2.636	-0.20663607278209362
2.64	-0.1454069237903305
2.644	-0.03555846673785151
2.648	0.12443377400203415
2.652	0.3319596949351278
2.656	0.5788483266893157
2.66	0.8240758350873084
2.664	1.0154720848933279
2.668	1.116833131240539
2.672	1.1082641149087293
2.676	0.9861691791866195
2.68	0.7696971905032194
2.684	0.5086952616825304
2.688	0.24821482233920145
2.692	0.02085303569934699
2.696	-0.15324720139945067
2.7	-0.26523667904860915
2.704	-0.31316799414194
2.708	-0.31371470035860477
2.712	-0.2839291717852367
2.716	-0.23795722116353504
2.72	-0.18703809989026604
2.724	-0.13950449801726206
2.728	-0.10078254425142147
2.732	-0.07339180595471018
2.736	-0.05621376867953082
2.74	-0.04509133680463506
2.744	-0.03766892119633103
2.748	-0.03210380638417182
2.752	-0.026980413565163286
2.756	-0.021310300603764154
2.76	-0.014532162031885953
2.764	-0.006511829048892803
2.768	0.002460001508008236
2.772	0.012300716752244423
2.776	0.023278273700318486
2.78	0.03545134338885453
2.784	0.04885171695187124
2.788	0.06348430562078244
2.792	0.07932714072439673
2.796	0.09633137368891731
2.8	0.11442127603794239
2.804	0.13349423939246519
2.808	0.15342077547087352
2.812	0.1740578357069803
2.816	0.19532504377352622
2.82	0.2169305465465724
2.824	0.23854235841722082
2.828	0.25984226928789855
2.832	0.2805258445723562
2.836	0.3003024251956673
2.84	0.31889512759422867
2.844	0.33604084371576026
2.848	0.35149024101930526
2.852	0.3650077624752297
2.856	0.37637162656522316
2.86	0.3853738272822981
2.864	0.39182013413079053
2.868	0.3955300921263587
2.872	0.39625432790751003
2.876	0.3936473125366521
2.88	0.38793596803870367
2.884	0.3794004997990753
2.888	0.36831582565525156
2.892	0.3549515758967915
2.896	0.3395720932653281
2.9	0.32243643295456925
2.904	0.3037983626102969
2.908	0.28390636233036726
2.912	0.26300362466471117
2.916	0.24132805461533324
2.92	0.21911226963631336
2.924	0.19658359963380478
2.928	0.1739640869660357
2.932	0.15147048644330863
2.936	0.12931426532799994
2.94	0.10770160333456114
2.944	0.08683339262951734
2.948	0.06690523783146818
2.952	0.04810745601108812
2.956	0.03062507669112524
2.96	0.014630780190011294
2.964	0.00015376455582749582
2.968	-0.012897095308180673
2.972	-0.02461349252492573
2.976	-0.035084313530694855
2.98	-0.04439563807515018
2.984	-0.052630739221328826
2.988	-0.0598700833456427
2.992	-0.06619133013787859
2.996	-0.07166933260119812
3.0	-0.07637613705213786
3.004	-0.08038098312060926
3.008	-0.08375030374989856
3.012	-0.08654772519666698
3.016	-0.08883406703095059
3.02	-0.09066734213616029
3.024	-0.09210275670908191
3.028	-0.09319271025987602
3.032	-0.09398679561207834
3.036	-0.09453179890259938
3.04	-0.0948716995817242
3.044	-0.09504767041311318
3.048	-0.09509807747380122
3.052	-0.09505848015419843
3.056	-0.09496163115808959
3.06	-0.09482546029013522
3.064	-0.09459299183458658
3.068	-0.0942760676660428
3.072	-0.09388673260027708
3.076	-0.0934179567039341
3.08	-0.09284363529452899
3.084	-0.09211858894044839
3.088	-0.09117856346094966
3.092	-0.08994022992616135
3.096	-0.08830118465708309
3.1	-0.08613994922558532
3.104	-0.0833159704544098
3.108	-0.07966962041716902
3.112	-0.07502219643834673
3.116	-0.06917592109329762
3.12	-0.06191394220824753
3.124	-0.05301030860885786
3.128	-0.042339969895948626
3.132	-0.029753325938134345
3.136	-0.01517351514178683
3.14	0.001366018332736696
3.144	0.019721524571093718
3.148	0.03963894790495642
3.152	0.060753926912011535
3.156	0.08259179441596032
3.16	0.10456757748651868
3.164	0.1259859974394173
3.168	0.14604146983640132
3.172	0.16385309345807508
3.176	0.17878126536712358
3.18	0.190158045987332
3.184	0.19745007340187382
3.188	0.20031974632072014
3.192	0.19862522408063932
3.196	0.19242042664519787
3.2	0.1819550346047597
3.204	0.16767448917648609
3.208	0.1502168854980387
3.212	0.13022068373976703
3.216	0.10850492200768613
3.22	0.08592591581711245
3.224	0.06323139336672506
3.228	0.04106049553856744
3.232	0.019943775898045857
3.236	0.0003032006939305276
3.24	-0.017547851141645088
3.244	-0.033404587993183854
3.248	-0.04717311495494908
3.252	-0.059000291122220216
3.256	-0.06938721306300644
3.26	-0.079169590286435
3.264	-0.089517412153166
3.268	-0.10193494787539298
3.272	-0.11826074651684215
3.276	-0.14066763699277335
3.28	-0.17159351440882173
3.284	-0.2083947791162446
3.288	-0.24260131152994893
3.292	-0.2647769369049153
3.296	-0.26467784336913674
3.3	-0.23125258192361833
3.304	-0.1526420664423775
3.308	-0.017182437192369282
3.312	0.17282524349205686
3.316	0.400745611471617
3.32	0.6414149830429235
3.324	0.8611898365905731
3.328	1.017946812587145
3.332	1.0622082172280436
3.336	0.977830174410718
3.34	0.7976316576574644
3.344	0.5580384482187772
3.348	0.2959159309525595
3.352	0.048569094324118656
3.356	-0.14864449420292614
3.36	-0.28452500092229005
3.364	-0.36120167334537656
3.368	-0.3847851840859017
3.372	-0.36578785044551165
3.376	-0.31912363441378233
3.38	-0.2634485256593174
3.384	-0.21135232579279334
3.388	-0.16783209672524912
3.392	-0.13538236441266738
3.396	-0.11410431724749565
3.4	-0.10170580605864621
3.404	-0.09361560117678042
3.408	-0.08689019091979305
3.412	-0.08085152950347069
3.416	-0.07477597214636056
3.42	-0.0681220263604102
3.424	-0.06053035195096729
3.428	-0.0518237610167801
3.432	-0.04200721794999707
3.436	-0.03115053247005528
3.44	-0.019136534798250115
3.444	-0.005909185210576595
3.448	0.008555941861691008
3.452	0.024253379800004693
3.456	0.04114776979854223
3.46	0.05917386086420745
3.464	0.0782365098166306
3.468	0.09821068128816751
3.472	0.11894144772390036
3.476	0.14024398938163718
3.48	0.16190359433191237
3.484	0.18368965301877183
3.488	0.2054618081903603
3.492	0.22687035656834187
3.496	0.24753299877590373
3.5	0.2670993820253619
3.504	0.2852511001181611
3.508	0.3017016934448753
3.512	0.3161966489852065
3.516	0.32851340030798626
3.52	0.3384613275711743
3.524	0.34588175752185946
3.528	0.3506479634962594
3.532	0.35266516541972037
3.536	0.3518705298067176
3.54	0.34823316976085505
3.544	0.3416900905930479
3.548	0.33220395601450925
3.552	0.32008254437445927
3.556	0.30564500115853765
3.56	0.2892010240053994
3.564	0.2710508627067144
3.568	0.2514853192071682
3.572	0.2307857476044607
3.576	0.20922405414930756
3.58	0.18706269724543922
3.584	0.16455468744960156
3.588	0.14194358747155522
3.592	0.11946351217407614
3.596	0.09733912857295551
3.6	0.07578565583699953
3.604	0.05500886528802923
3.608	0.03520508040088138
3.612	0.016561176803407518
3.616	-0.0007459809387759808
3.62	-0.016621062209645765
3.624	-0.03110345333784953
3.628	-0.04424718050629928
3.632	-0.05610791172154034
3.636	-0.06674295681375114
3.64	-0.07621126743674406
3.644	-0.08457343706796466
3.648	-0.09189170100849203
3.652	-0.09822993638303862
3.656	-0.10365366213995031
3.66	-0.10823003905120676
3.664	-0.11202786971242068
3.668	-0.11511759854283843
3.672	-0.11757131178533986
3.676	-0.11946273750643815
3.68	-0.12086724559627987
3.684	-0.12186184776864534
3.688	-0.12252519756094815
3.692	-0.12293759033423524
3.696	-0.1231779767361324
3.7	-0.12319204778273357
3.704	-0.12298663017831407
3.708	-0.12263137565057103
3.712	-0.12218172718463866
3.716	-0.1216789190230883
3.72	-0.12114997666592836
3.724	-0.12060771687060445
3.728	-0.12005074765199919
3.732	-0.11946346828243226
3.736	-0.1188160692916605
3.74	-0.11806453246687787
3.744	-0.11715063085271538
3.748	-0.11600192875124105
3.752	-0.11453178172196038
3.756	-0.11263933658181546
3.76	-0.11020953140518575
3.764	-0.10711309552388787
3.768	-0.1032065495271754
3.772	-0.09833220526173891
3.776	-0.092278738112127
3.78	-0.08443755629039046
3.784	-0.07464950748423343
3.788	-0.06294806852918322
3.792	-0.04941222490170022
3.796	-0.03416647071917711
3.8	-0.017380808739939413
3.804	0.0007292496367545809
3.808	0.019902684370714296
3.812	0.03983296678081616
3.816	0.06016805954500415
3.82	0.0805104167002893
3.824	0.10041698364275031
3.828	0.11939919712753322
3.832	0.13692298526885105
3.836	0.15240876753998456
3.84	0.16523145477328072
3.844	0.17472044916015705
3.848	0.18015964425109532
3.852	0.18078742495564526
3.856	0.175943016146354
3.86	0.16630728969716868
3.864	0.15278155964182016
3.868	0.1361499041302151
3.872	0.1171579686012657
3.876	0.09651296578288904
3.88	0.07488367569200766
3.884	0.0529004456345496
3.888	0.031155190205447825
3.892	0.010201391288640727
3.896	-0.009445901942927992
3.9	-0.027310073027309312
3.904	-0.04225710910726965
3.908	-0.05326668162622061
3.912	-0.062474978435927586
3.916	-0.07179739536038848
3.92	-0.08274987848478738
3.924	-0.09644892415549444
3.928	-0.11361157898006607
3.932	-0.13455543982724444
3.936	-0.1591986538269581
3.94	-0.18705991837032193
3.944	-0.21725848110963633
3.948	-0.24851413995838853
3.952	-0.27790462646406155
3.956	-0.2878684322471028
3.96	-0.2589309417076039
3.964	-0.17933542908382102
3.968	-0.04507252858001359
3.972	0.14011976563355566
3.976	0.36475609942062104
3.98	0.6096042295068059
3.984	0.8414518039640496
3.988	1.0050569286290343
3.992	1.061737929509031
3.996	0.998588319468669
4.0	0.8284767982299323
4.004	0.5874363147978712
4.008	0.3215776797753156
4.012	0.07191863016510275
4.016	-0.1336620359477348
4.02	-0.280579215214377
4.024	-0.36558373156728563
4.028	-0.39194132693562495
4.032	-0.3772012739093904
4.036	-0.3376345234460642
4.04	-0.2865509649056921
4.044	-0.23429942605082676
4.048	-0.1882676730466078
4.052	-0.1528824104606775
4.056	-0.12926034752432325
4.06	-0.11373874621363245
4.064	-0.10342621778064415
4.068	-0.09619016682279108
4.072	-0.090316423949936
4.076	-0.08450924578435737
4.08	-0.07789131496076085
4.084	-0.07000374012626809
4.088	-0.06080605594042954
4.092	-0.0506753459941609
4.096	-0.03972604039000488
4.1	-0.027635821437493935
4.104	-0.014348781361851248
4.108	0.0001631944220246706
4.112	0.015900427309581244
4.116	0.0328354455065864
4.12	0.05091298402915606
4.124	0.07004998470372437
4.128	0.09013559616707556
4.132	0.11103117386631034
4.136	0.13257028005888116
4.14	0.15458350156978207
4.144	0.17697612865263956
4.148	0.19940825510934712
4.152	0.22151666508934387
4.156	0.24296152248690772
4.16	0.2634263709411926
4.164	0.2826181338361924
4.168	0.300267114300776
4.172	0.3161269952086536
4.176	0.3299748391784082
4.18	0.3416110885734671
4.184	0.35085956550212694
4.188	0.35756747181753223
4.192	0.36160538911769313
4.196	0.3628672787454721
4.2	0.36127005733372264
4.204	0.3565832310647006
4.208	0.34887326170494837
4.212	0.338457898063364
4.216	0.3256457849382386
4.22	0.31073646311727565
4.224	0.29402036937756704
4.228	0.27577883648562074
4.232	0.25628409319733014
4.236	0.23579926425800746
4.24	0.21457837040234817
4.244	0.1928663283544675
4.248	0.17089895082786366
4.252	0.14890294652545555
4.256	0.12709592013954352
4.26	0.10568637235184952
4.264	0.08487369983347726
4.268	0.06484819524495083
4.272	0.045791047236177884
4.276	0.027874340446484014
4.28	0.011261055504581119
4.284	-0.003902617815181031
4.288	-0.017603466488329167
4.292	-0.0299216860640818
4.296	-0.04093761094434423
4.3	-0.050729906460275365
4.304	-0.059375568872307716
4.308	-0.06694992537012995
4.312	-0.0735266340727021
4.316	-0.07917768402824193
4.32	-0.08397339521423741
4.324	-0.08798241853743549
4.328	-0.09127173583385184
4.332	-0.09390665986876273
4.336	-0.09595083433671153
4.34	-0.09746623386150377
4.344	-0.09851316399621057
4.348	-0.09915026122316639
4.352	-0.09943449295397072
4.356	-0.09942115752948671
4.36	-0.0991638842198419
4.364	-0.09871463322442836
4.368	-0.09812369567190188
4.372	-0.09743969362018323
4.376	-0.09670155737339414
4.38	-0.09589111408561213
4.384	-0.0950204348267295
4.388	-0.09409986792743441
4.392	-0.09312694643019986
4.396	-0.09208638808928604
4.4	-0.09095009537073806
4.404	-0.08967715545238791
4.408	-0.08821384022385248
4.412	-0.08649360628653618
4.416	-0.08443709495362756
4.42	-0.081952132250103
4.424	-0.07893372891272299
4.428	-0.07526408039003618
4.432	-0.07081256684237447
4.436	-0.06543575314185918
4.44	-0.05897738887239329
4.444	-0.051268408329671056
4.448	-0.042126930521166395
4.452	-0.03135825916614676
4.456	-0.01875488269565656
4.46	-0.004095606392722717
4.464	0.012893373486588977
4.468	0.0319665528466771
4.472	0.05262734953189546
4.476	0.07436346805925104
4.48	0.09664689961843975
4.484	0.11893392207180875
4.488	0.14066509995439558
4.492	0.16126528447388855
4.496	0.1801436135106651
4.5	0.19669351161775617
4.504	0.21029269002087836
4.508	0.22030314661840578
4.512	0.22607116598139343
4.516	0.22694211889430982
4.52	0.2228283641036598
4.524	0.21433494082917215
4.528	0.20209940457270004
4.532	0.18675300263894568
4.536	0.16892067413544065
4.54	0.1492210499725708
4.544	0.12826645286354632
4.548	0.1066628973244359
4.552	0.08501008967412976
4.556	0.06390142803437787
4.56	0.04392400232975158
4.564	0.02565859428768147
4.568	0.010380235665044923
4.572	-0.0009799836372128556
4.576	-0.0104167668147922
4.58	-0.019706762927079013
4.584	-0.03027856330364237
4.588	-0.04321270154421697
4.592	-0.05924165351872285
4.596	-0.0787498373672414
4.6	-0.10177361350004471
4.604	-0.1280012845975605
4.608	-0.1567730956104128
4.612	-0.1870812337593761
4.616	-0.21740036178349195
4.62	-0.23710400169154963
4.624	-0.22633153150116644
4.628	-0.1709310027829671
4.632	-0.06357191062010581
4.636	0.09625480639183892
4.64	0.3022367661446741
4.644	0.5412401430178685
4.648	0.7891965980884174
4.652	0.9929195764210105
4.656	1.1063055575179366
4.66	1.1058852115838982
4.664	0.990833620840449
4.668	0.7826108756534714
4.672	0.5242675244647733
4.676	0.2621113522326737
4.68	0.03017964948387014
4.684	-0.15027532908245317
4.688	-0.27004683049110134
4.692	-0.3256017801330343
4.696	-0.3318427208818944
4.7	-0.3055941934891619
4.704	-0.26096984653061406
4.708	-0.20937243640629294
4.712	-0.15949382734057338
4.716	-0.11731499138207951
4.72	-0.0861060084037682
4.724	-0.06589102444538958
4.728	-0.05253823490453596
4.732	-0.04342527819667108
4.736	-0.03660145232935941
4.74	-0.03054541804801142
4.744	-0.02416519883589685
4.748	-0.016798180914133376
4.752	-0.008211113241698209
4.756	0.001399892484584886
4.76	0.011783595624758503
4.764	0.023256631346193823
4.768	0.03589158344175908
4.772	0.04972835279621468
4.776	0.06478121109502138
4.78	0.0810388008243646
4.784	0.09846413527112763
4.788	0.11699459852292038
4.792	0.1365419454680492
4.796	0.1569923017955488
4.8	0.17820616504067177
4.804	0.200102903558234
4.808	0.2224834371809331
4.812	0.24502270839102192
4.816	0.2674080744734031
4.82	0.28933930751566894
4.824	0.31052859440806135
4.828	0.3307005368435114
4.832	0.3495921513176017
4.836	0.3669528691286009
4.84	0.38254453637743235
4.844	0.39614141396770286
4.848	0.4075301776056759
4.852	0.41650991780029634
4.856	0.4228921398631692
4.86	0.4265005520755727
4.864	0.4269566769137857
4.868	0.4242010108514569
4.872	0.4184977776918334
4.876	0.4101074281790955
4.88	0.39928663999836633
4.884	0.38628831777569783
4.888	0.37136159307808925
4.892	0.354751824413464
4.896	0.3367005972306969
4.9	0.3174457239195839
4.904	0.29722124381087456
4.908	0.2762574231762376
4.912	0.25478075522829713
4.916	0.2330139601205954
4.92	0.21117598494763046
4.924	0.18948200374481772
4.928	0.16814341748852957
4.932	0.14736785409605546
4.936	0.12735916842564055
4.94	0.10831744227644902
4.944	0.09043898438859915
4.948	0.07391633044312973
4.952	0.058876129106614994
4.956	0.04524812801915329
4.96	0.03296280206129032
4.964	0.021952019407689316
4.968	0.012147754285213308
4.972	0.003482086972906362
4.976	-0.004112796197990376
4.98	-0.01070460284405278
4.984	-0.016360934529660864
4.988	-0.021149286767010556
4.992	-0.02513704901610342
4.996	-0.028391504684755153
5.0	-0.03097983112858882
5.004	-0.03296909965104006
5.008	-0.03442627550335314
5.012	-0.0354182178845841
5.016	-0.036011679941598096
5.02	-0.03627330876907153
5.024	-0.036269645409490736
5.028	-0.036067124853152166
5.032	-0.035729152355222005
5.036	-0.03520360246578136
5.04	-0.03450016479070406
5.044	-0.03368072528050664
5.048	-0.03279272422189922
5.052	-0.031869156237783636
5.056	-0.030928570287255486
5.06	-0.029975069665602205
5.064	-0.028998312004304916
5.068	-0.027973509271036312
5.072	-0.026861427769663104
5.076	-0.025608388140243687
5.08	-0.024146265359029917
5.084	-0.022392488738465777
5.088	-0.02025004192718899
5.092	-0.017607462910028404
5.096	-0.014338844008007723
5.1	-0.01030383187834083
5.104	-0.005347627514437514
5.108	0.0006978357439603733
5.112	0.007934158042808892
5.116	0.0166256922867018
5.12	0.027060052170505722
5.124	0.03942392553724383
5.128	0.05380307437809173
5.132	0.07018233483236569
5.136	0.08844561718754634
5.14	0.10837590587925006
5.144	0.12965525949126
5.148	0.1518648107554923
5.152	0.17448476655203315
5.156	0.19693838670291053
5.16	0.2186854750751902
5.164	0.23875697759163228
5.168	0.2562682138141491
5.172	0.2705028128272139
5.176	0.28091271323789135
5.18	0.2871181631758134
5.184	0.28890772029319667
5.188	0.28623825176483153
5.192	0.2792349342880863
5.196	0.268191254082911
5.2	0.25356900689182527
5.204	0.23587557105099566
5.208	0.2157729181568796
5.212	0.19421463119772742
5.216	0.17204234841894495
5.22	0.14997785933213448
5.224	0.12862310471505645
5.228	0.10846017661166785
5.232	0.0898513183320847
5.236	0.07303892445261762
5.24	0.05814554081573886
5.244	0.04517386453011235
5.248	0.034006743970566966
5.252	0.024747117947881203
5.256	0.01688182641080338
5.26	0.007541928240967832
5.264	-0.005515568099720647
5.268	-0.023716264005374188
5.272	-0.04766837072614627
5.276	-0.07716270936819875
5.28	-0.11117271089374436
5.284	-0.14782592079831053
5.288	-0.1740837738611518
5.292	-0.17418494181087438
5.296	-0.13632189093503927
5.3	-0.052641958125544897
5.304	0.08075264912144814
5.308	0.26380485270536425
5.312	0.4929987559219392
5.316	0.7493456841094609
5.32	0.976970681520062
5.324	1.130156252778145
5.328	1.1808210755794293
5.332	1.118520000690705
5.336	0.9504981182189206
5.34	0.7085746377479182
5.344	0.44251267267264516
5.348	0.19233692435158845
5.352	-0.014424357346965955
5.356	-0.1627393740445132
5.36	-0.2500714021490519
5.364	-0.27960627771854096
5.368	-0.2644949456045197
5.372	-0.223187389676673
5.376	-0.17047621679365718
5.38	-0.1174966568031573
5.384	-0.07172656254180515
5.388	-0.03698640983526624
5.392	-0.013439297498161584
5.396	0.0021855819686062428
5.4	0.01311653664730833
5.404	0.02103051601650019
5.408	0.027312138066894365
5.412	0.033086734663898165
5.416	0.03922035154762582
5.42	0.04631974833288738
5.424	0.05473239850920025
5.428	0.06454648944077629
5.432	0.0755909223665368
5.436	0.0875093580005401
5.44	0.10050018395976035
5.444	0.11468856350324852
5.448	0.13008577653323505
5.452	0.1466740740069924
5.456	0.1644066779368627
5.46	0.18320778139022764
5.464	0.20297254848954083
5.468	0.2235671144122935
5.472	0.24482858539105046
5.476	0.26656503871341275
5.48	0.28856836808422515
5.484	0.310729796318869
5.488	0.33271839368249845
5.492	0.35415781130531065
5.496	0.37470047931641615
5.5	0.3940276068438019
5.504	0.4118491820143664
5.508	0.4279039719538864
5.512	0.4419595227870484
5.516	0.4538121596374195
5.52	0.46328698662747325
5.524	0.47023788687856816
5.528	0.474547522510964
5.532	0.4761273346438105
5.536	0.47491754339515446
5.54	0.47088714788193686
5.544	0.4638872189262244
5.548	0.45397243196180104
5.552	0.44148274601666504
5.556	0.4267462774840064
5.56	0.4100789113568044
5.564	0.39178430122785546
5.568	0.3721538692897427
5.572	0.35146680633486826
5.576	0.3299900717554195
5.58	0.3079783935434044
5.584	0.2856742682906146
5.588	0.2633079611886635
5.592	0.2410975060289473
5.596	0.21924870520268458
5.6	0.1979551297008767
5.604	0.17739811911434678
5.608	0.1577467816337017
5.612	0.1391579940493688
5.616	0.12177640175156068
5.62	0.10573440029592529
5.624	0.09111148715404455
5.628	0.07786292427528385
5.632	0.06592287093464883
5.636	0.05522501909233374
5.64	0.045702593393726676
5.644	0.03728835116939405
5.648	0.029914582435097203
5.652	0.02351310989177746
5.656	0.01801528892556986
5.66	0.013352007607790761
5.664	0.009453686694948338
5.668	0.006250279628733979
5.672	0.0036712725360293907
5.676	0.0016456842289010454
5.68	0.00010206620460412319
5.684	-0.0010314973544203743
5.688	-0.0018273895805431817
5.692	-0.002358460920948824
5.696	-0.002694060614773841
5.7	-0.0028121751476294365
5.704	-0.002737608903053801
5.708	-0.0025243193363699845
5.712	-0.0022152680504463618
5.716	-0.0018424207956961314
5.72	-0.001426747470078149
5.724	-0.000978222119096317
5.728	-0.0004958229357997501
5.732	3.246773921738999e-05
5.736	0.0006296634178151184
5.74	0.0013297734643090142
5.744	0.0021778030954686667
5.748	0.0032297533805191736
5.752	0.004552621241139698
5.756	0.006224399451465024
5.76	0.008334076638083332
5.764	0.010981637280039702
5.768	0.014251488566414006
5.772	0.018182543403561124
5.776	0.023116413505492206
5.78	0.02937907860570671
5.784	0.03722685668766218
5.788	0.0468464039847864
5.792	0.058354714980462685
5.796	0.0717991224080472
5.8	0.08715729725084864
5.804	0.104337248742152
5.808	0.12317732436519124
5.812	0.14344620985317968
5.816	0.16484292918927723
5.82	0.18709734810072365
5.824	0.209717923438985
5.828	0.23164409479778791
5.832	0.25192671370623065
5.836	0.2697584362308698
5.84	0.28447372297568596
5.844	0.2955488390821146
5.848	0.30260185422901986
5.852	0.3053926426327144
5.856	0.30382288304694727
5.86	0.2979360587629081
5.864	0.28791745760923027
5.868	0.27409402993789334
5.872	0.2567937496483764
5.876	0.23680216596513337
5.88	0.21511451697276518
5.884	0.19260459502048177
5.888	0.17002474672213885
5.892	0.14800587295619916
5.896	0.12705742886577198
5.9	0.10756742385857454
5.904	0.08980242160696866
5.908	0.0739075400479261
5.912	0.05990645138306083
5.916	0.047701382078599974
5.92	0.03707311286540954
5.924	0.028195623903992162
5.928	0.019954841241581034
5.932	0.008715353906297296
5.936	-0.007925497041149643
5.94	-0.031000358740182088
5.944	-0.060171866530322804
5.948	-0.0937326439512367
5.952	-0.12864682610187783
5.956	-0.16065029690099092
5.96	-0.17347836313511744
5.964	-0.15105561614529475
5.968	-0.08283377124933056
5.972	0.03620833225824771
5.976	0.205564731106066
5.98	0.4192023380461155
5.984	0.6652370222755101
5.988	0.9072748381073424
5.992	1.0909760886285964
5.996	1.1789937493140417
6.0	1.1530605660722326
6.004	1.0139734970221181
6.008	0.7881216603773723
6.012	0.525370233861561
6.016	0.2679159800080817
6.02	0.04614922724931725
6.024	-0.1213461300829341
6.028	-0.22685959445234066
6.032	-0.27531433958842066
6.036	-0.2773485595404545
6.04	-0.24526665489077237
6.044	-0.19303884295940188
6.048	-0.1362893505969296
6.052	-0.08766037077838662
6.056	-0.04970310191741195
6.06	-0.02249586218273414
6.064	-0.004830659264724757
6.068	0.00578680962465139
6.072	0.013051469463743415
6.076	0.019321208929164335
6.08	0.02525798270395918
6.084	0.031450460924132284
6.088	0.038331728526978026
6.092	0.04617928525109205
6.096	0.05511504563635938
6.1	0.06510916356176943
6.104	0.07617670874709082
6.108	0.0884086238661057
6.112	0.10184618374454557
6.116	0.11650260221350317
6.12	0.13236303210940914
6.124	0.14938456527405686
6.128	0.1674962325545758
6.132	0.1865990038034604
6.136	0.20656578787853885
6.14	0.22724143264300667
6.144	0.24844272496539077
6.148	0.2700387668788845
6.152	0.2918358338448882
6.156	0.3134637677611125
6.16	0.3345735308800807
6.164	0.35483925882446965
6.168	0.3739582605871481
6.172	0.3916510185311398
6.176	0.40766118838965837
6.18	0.42175559926607487
6.184	0.43372425363394684
6.188	0.4433803273369935
6.192	0.45056016958911627
6.196	0.4551233029743825
6.2	0.4569524234470371
6.204	0.45595340033149534
6.208	0.45193542047183866
6.212	0.4447334069552338
6.216	0.43466585364961674
6.22	0.4220604063873158
6.224	0.4072332306473887
6.228	0.3904890115556445
6.232	0.37212095388461675
6.236	0.3524107820535941
6.24	0.33162874012858734
6.244	0.31003359182236456
6.248	0.28787262049441364
6.252	0.2653816291509815
6.256	0.24278494044503418
6.26	0.2202953966762966
6.264	0.19811435979121306
6.268	0.17643171138298663
6.272	0.1554258526915403
6.276	0.13526370460355464
6.28	0.11610070765243163
6.284	0.09808082201832946
6.288	0.08133652752812881
6.292	0.0659886200885691
6.296	0.052093899588126824
6.3	0.03958116958712604
6.304	0.028363470358619525
6.308	0.018356106231329494
6.312	0.009476645589627242
6.316	0.001644920873551392
6.32	-0.005216971421208139
6.324	-0.011184670743296266
6.328	-0.016331552485704837
6.332	-0.020728727985761863
6.336	-0.02444504452514118
6.34	-0.02754708532985395
6.344	-0.03009916957025588
6.348	-0.032163352361041175
6.352	-0.03379942476124753
6.356	-0.035064913774252304
6.36	-0.036015082347775285
6.364	-0.036702929373876536
6.368	-0.03717918968895817
6.372	-0.03749233407376301
6.376	-0.03768856925337538
6.38	-0.037801234531585126
6.384	-0.037778253981375354
6.388	-0.03764766093994604
6.392	-0.03744837455719929
6.396	-0.03720349882983165
6.4	-0.0369203226013336
6.404	-0.03659031956198977
6.408	-0.036189148248878644
6.412	-0.035676652045873
6.416	-0.03499685918363937
6.42	-0.03407798273963902
6.424	-0.03283242063812625
6.428	-0.031156755650150636
6.432	-0.028931755393554415
6.436	-0.02602237233297572
6.44	-0.022277743779844206
6.444	-0.017531191892386944
6.448	-0.011600223675620913
6.452	-0.004286530981362224
6.456	0.004624009491785042
6.46	0.015361069211508815
6.464	0.028096663766124852
6.468	0.04283067968474552
6.472	0.059467307305308026
6.476	0.07782369007634776
6.48	0.09762992455702779
6.484	0.11852906041710631
6.488	0.14007710043697175
6.492	0.1617430005076057
6.496	0.18290866963062136
6.5	0.20286896991822423
6.504	0.22083171659325118
6.508	0.23591767798913343
6.512	0.2472887906055693
6.516	0.254565659400671
6.52	0.25753261818935547
6.524	0.2561091327365249
6.528	0.25035238578468155
6.532	0.24045727705393072
6.536	0.2267564232419702
6.54	0.20972015802410748
6.544	0.18995653205323593
6.548	0.16821131295986502
6.552	0.1453679853520855
6.556	0.12238235114789697
6.56	0.0996732395713334
6.564	0.07791364449138505
6.568	0.05771595985850292
6.572	0.03947854421974828
6.576	0.023385720718757996
6.58	0.009407777095775727
6.584	-0.002699034312376003
6.588	-0.013392496572270818
6.592	-0.02334442815390103
6.596	-0.03344068293065722
6.6	-0.04454412072884645
6.604	-0.05895727753908642
6.608	-0.08035264904528794
6.612	-0.10964066576985715
6.616	-0.14476297135865834
6.62	-0.18069242258096357
6.624	-0.20943308932951016
6.628	-0.22217810058014822
6.632	-0.20359514566690542
6.636	-0.1390082923474979
6.64	-0.02127129079109419
6.644	0.14923173795318367
6.648	0.3645863019564689
6.652	0.6095468630034545
6.656	0.8514148715965196
6.66	1.0353961251838397
6.664	1.1226587258792091
6.668	1.0950906214686653
6.672	0.9552749854816379
6.676	0.7292444063502405
6.68	0.46595634990104373
6.684	0.208062896703488
6.688	-0.013924710334706436
6.692	-0.18163606596796533
6.696	-0.2835024198581114
6.7	-0.3245242233565532
6.704	-0.32251762022871994
6.708	-0.292805179497425
6.712	-0.24815782565664987
6.716	-0.19879483867150352
6.72	-0.1523838539782931
6.724	-0.11404086248444228
6.728	-0.08633021056856988
6.732	-0.06891975637200015
6.736	-0.05738747344494888
6.74	-0.04939113336156081
6.744	-0.04341635861128085
6.748	-0.038225597980359294
6.752	-0.03285812655186343
6.756	-0.02663004570566746
6.76	-0.019134283118462825
6.764	-0.01024059276374667
6.768	-9.55549118354937e-05
6.772	0.010930429556528731
6.776	0.022997556182096035
6.78	0.0362585604611636
6.784	0.050733438697586286
6.788	0.06641306924211232
6.792	0.08325921249235724
6.796	0.10120451089283222
6.8	0.12015248893491393
6.804	0.13997755315687643
6.808	0.16052499214385751
6.812	0.1816109765278936
6.816	0.20302255898788413
6.82	0.22454246951067047
6.824	0.24600319134593895
6.828	0.26705110171326185
6.832	0.28733072169843343
6.836	0.3065141948725466
6.84	0.3243012872919572
6.844	0.34041938749831746
6.848	0.35462350651854535
6.852	0.3666962778648526
6.856	0.3764479575347195
6.86	0.38371642401091666
6.864	0.38836717826148737
6.868	0.3902933437397603
6.872	0.38941566638434233
6.876	0.38563291239415665
6.88	0.3787068842369866
6.884	0.36888962595779495
6.888	0.35650407804747697
6.892	0.3418626223620651
6.896	0.3252670821227506
6.9	0.30700872191585704
6.904	0.2873682476928703
6.908	0.2666158067704064
6.912	0.24501098783024589
6.916	0.22280282091929682
6.92	0.20022977744963388
6.924	0.1775197701984581
6.928	0.1548901533081375
6.932	0.13254772228616674
6.936	0.11068871400520697
6.94	0.0894988067030465
6.944	0.0691531199826394
6.948	0.04981621481206783
6.952	0.031642093524578196
6.956	0.014774199818547717
6.96	-0.0006503435486158726
6.964	-0.014583241380080991
6.968	-0.027114062431917108
6.972	-0.03833727800777098
6.976	-0.04834411040345177
6.98	-0.057222532906950896
6.984	-0.06505726979842436
6.988	-0.07192979635020813
6.992	-0.07791833882680482
6.996	-0.08309787448489553
7.0	-0.08754013157332918
7.004	-0.09131358933313188
7.008	-0.09448347799749895
7.012	-0.09711177879180166
7.016	-0.09925722393358155
7.02	-0.10097529663255511
7.024	-0.10231823109061028
7.028	-0.10333501250180838
7.032	-0.10407137705238356
7.036	-0.10456981192074316
7.04	-0.10486955527746655
7.044	-0.10500659628530695
7.048	-0.10501367509918957
7.052	-0.10492028286621313
7.056	-0.10475266172564873
7.06	-0.10453380480894059
7.064	-0.10428007216443635
7.068	-0.10394639070583239
7.072	-0.10352314666933987
7.076	-0.10300741616320153
7.08	-0.10237711268625171
7.084	-0.1015909871279152
7.088	-0.10058862776820837
7.092	-0.09929046027773797
7.096	-0.09759774771770258
7.1	-0.09539259053989074
7.104	-0.09253792658668358
7.108	-0.0888775310910509
7.112	-0.08423601667655672
7.116	-0.07841883335735206
7.12	-0.07121226853818385
7.124	-0.06239965088223115
7.128	-0.051857533162831815
7.132	-0.0394272009697193
7.136	-0.025029051476907316
7.14	-0.00868817470851474
7.144	0.009465646461207955
7.148	0.029197936307908345
7.152	0.050169526257099695
7.156	0.07193655488419604
7.16	0.0939504679144747
7.164	0.11555801822311507
7.168	0.1360012658351597
7.172	0.15441757792554867
7.176	0.17002995962315848
7.18	0.1822849063757106
7.184	0.190616615266064
7.188	0.19464622189095337
7.192	0.19418363773903535
7.196	0.18922755019088155
7.2	0.17996542251897774
7.204	0.16677349388773233
7.208	0.15021677935346023
7.212	0.1309946743984891
7.216	0.10977302009998557
7.22	0.0874101030966889
7.224	0.06468625876612372
7.228	0.042272664842500085
7.232	0.020731341416673377
7.236	0.0005151509361842055
7.24	-0.01803220179478021
7.244	-0.034676169615349584
7.248	-0.04921432663752251
7.252	-0.06055727683521461
7.256	-0.06999587538283669
7.26	-0.07940664653996404
7.264	-0.090344516100964
7.268	-0.10404281139497745
7.272	-0.12141326128593977
7.276	-0.14304599617255526
7.28	-0.16920954798832896
7.284	-0.1998508502015277
7.288	-0.23466345535091201
7.292	-0.2698337505466199
7.296	-0.28813579787865606
7.3	-0.2737585516094637
7.304	-0.21586845292155538
7.308	-0.1086094299175503
7.312	0.048897102379935165
7.316	0.25255224202809556
7.32	0.49314526254557445
7.324	0.7405003616874773
7.328	0.940733093235466
7.332	1.0534058222727265
7.336	1.0552460178474092
7.34	0.9401932186535903
7.344	0.7299101902329731
7.348	0.47290067538712965
7.352	0.2115304792826137
7.356	-0.02159620622200037
7.36	-0.20359181136550794
7.364	-0.32374942519871985
7.368	-0.38637489555262683
7.372	-0.4
7.376	-0.37562084709413546
7.38	-0.3266978763688187
7.384	-0.26915585833829425
7.388	-0.2180304495080995
7.392	-0.1771241457454189
7.396	-0.1467656531799751
7.4	-0.1261786174461761
7.404	-0.11347839109830682
7.408	-0.10567203361049071
7.412	-0.09920479134631438
7.416	-0.09304860995086955
7.42	-0.08676725422360188
7.424	-0.079962208271592
7.428	-0.07233307230858049
7.432	-0.06367756265495561
7.436	-0.05389151173776696
7.44	-0.0429688680907101
7.444	-0.03094535468952936
7.448	-0.0177492416385423
7.452	-0.0033495142944734435
7.456	0.01225453785234043
7.46	0.029035114626834835
7.464	0.046935905169246506
7.468	0.06587208793508292
7.472	0.08573033069515384
7.476	0.1063687905355386
7.48	0.12761711385762042
7.484	0.1492764363780501
7.488	0.17111938312878405
7.492	0.19289006845704548
7.496	0.21430409602536327
7.5	0.23506101918556854
7.504	0.2549766269657807
7.508	0.27371793775752706
7.512	0.29093254479792396
7.516	0.30631110067364975
7.52	0.31958731732097667
7.524	0.33053796602574226
7.528	0.3389828774233735
7.532	0.3447849414988675
7.536	0.3478501075868059
7.54	0.34812738437134527
7.544	0.34560883988622226
7.548	0.3403296015147529
7.552	0.3323678559898282
7.556	0.3218448493939241
7.56	0.3088574159981877
7.564	0.29354399060525826
7.568	0.2762476780836377
7.572	0.25730225301721166
7.576	0.2370264720751939
7.58	0.21572407401215954
7.584	0.1936837796680101
7.588	0.17117929196800985
7.592	0.14846929592274827
7.596	0.12579745862817882
7.6	0.10339242926557868
7.604	0.08146783910158978
7.608	0.06022230148817864
7.612	0.039839411862675145
7.616	0.020487747747734486
7.62	0.002320868751374272
7.624	-0.014510860945419146
7.628	-0.029969503972046507
7.632	-0.04409467379816168
7.636	-0.05692908932824137
7.64	-0.06851848643837438
7.644	-0.07891161797623891
7.648	-0.08816025376112291
7.652	-0.09631918058390565
7.656	-0.10344620220707429
7.66	-0.10960213936470914
7.664	-0.11485082976249678
7.668	-0.11925912807771843
7.672	-0.12289690595925995
7.676	-0.1258370520276037
7.68	-0.12815547187483445
7.684	-0.1299310880646366
7.688	-0.1312458401322935
7.692	-0.13218468458469007
7.696	-0.1328355949003101
7.7	-0.13326988798472073
7.704	-0.13343193962246153
7.708	-0.1333665671222211
7.712	-0.1331355612284612
7.716	-0.1327894105678395
7.72	-0.13236730164920973
7.724	-0.13189711886362138
7.728	-0.13139544448432022
7.732	-0.13086755866674749
7.736	-0.13030743944854095
7.74	-0.12969776274953365
7.744	-0.12900990237175525
7.748	-0.12820392999943075
7.752	-0.12722861519898176
7.756	-0.1260214254190249
7.76	-0.12450852599037399
7.764	-0.12260478012603732
7.768	-0.12021374892122083
7.772	-0.1172276913533245
7.776	-0.11352756428194632
7.78	-0.1090507600049071
7.784	-0.10365769709276484
7.788	-0.0969643432343224
7.792	-0.08866315652353773
7.796	-0.07853296650929331
7.8	-0.066438974195411
7.804	-0.05233275204063409
7.808	-0.03625224395864873
7.812	-0.018321765318058847
7.816	0.001247997057585215
7.82	0.022159984889818574
7.824	0.0440307684452273
7.828	0.06639054653548482
7.832	0.08871866566896852
7.836	0.11031405621588208
7.84	0.13025397756189827
7.844	0.14773677421510045
7.848	0.16209559408365304
7.852	0.17279838847583195
7.856	0.17944791209999988
7.86	0.18178172306462526
7.864	0.17967218287826947
7.868	0.17312163815288462
7.872	0.16229201698162
7.876	0.14781477770227325
7.88	0.1304095967487312
7.884	0.11078090188566292
7.888	0.08961787220854955
7.892	0.06759443814365057
7.896	0.04536928144804081
7.9	0.023585835209571526
7.904	0.0028722838469094625
7.908	-0.016396471538435653
7.912	-0.03407113503782788
7.916	-0.04967662917728127
7.92	-0.06305116044224574
7.924	-0.07436536354518852
7.928	-0.08412230142557053
7.932	-0.09315746524986646
7.936	-0.10263877441154717
7.94	-0.11406657653109636
7.944	-0.12927364745599262
7.948	-0.15042519126073153
7.952	-0.1800201590482727
7.956	-0.21629359002458406
7.96	-0.25094671854509815
7.964	-0.2747180131069483
7.968	-0.2777287347297553
7.972	-0.24948293695565876
7.976	-0.1788674658493232
7.98	-0.05468904381001505
7.984	0.12490240826147048
7.988	0.34782224683966867
7.992	0.5916341305278091
7.996	0.8236445575087089
8.0	1.0009028655443761
8.004	1.072633348722638
8.008	1.02248280091605
8.012	0.8708125341010925
8.016	0.6458896033198037
8.02	0.3830782296598493
8.024	0.12483980025441888
8.028	-0.08771054441251891
8.032	-0.24332942720984843
8.036	-0.3391229498391742
8.04	-0.3783093480939872
8.044	-0.3704420269626445
8.048	-0.3312557704245709
8.052	-0.27754729456996935
8.056	-0.2218479190337618
8.06	-0.1729215777831812
8.064	-0.1356460410494741
8.068	-0.11101291532800411
8.072	-0.09612764337822188
8.076	-0.0856653851926068
8.08	-0.0778561678200424
8.084	-0.07139380500141174
8.088	-0.06520847866549179
8.092	-0.058532793526186844
8.096	-0.05090177708251298
8.1	-0.04215287961860836
8.104	-0.032417394602312966
8.108	-0.021691458682109865
8.112	-0.009826176846382095
8.116	0.0032346553118092203
8.12	0.017520132743413908
8.124	0.03303224094336632
8.128	0.04974585595062353
8.132	0.06760874434814079
8.136	0.08654156326288576
8.14	0.10643786036580483
8.144	0.12716407387187323
8.148	0.14855953254006238
8.152	0.17050590531790544
8.156	0.1928448515674427
8.16	0.21521729652176091
8.164	0.2372788797356582
8.168	0.2587050018049426
8.172	0.2791908243663934
8.176	0.2984512700978189
8.18	0.31622102271801744
8.184	0.3322545269867945
8.188	0.34632598870493414
8.192	0.35822937471424254
8.196	0.36777841289751834
8.2	0.37480659217856027
8.204	0.379167162522168
8.208	0.3807331349341365
8.212	0.37933530903722656
8.216	0.37466636339935444
8.22	0.36697853119737955
8.224	0.356594955364563
8.228	0.34382834626474457
8.232	0.3289809816923561
8.236	0.31234470687241045
8.24	0.29420093446053164
8.244	0.2748206445429109
8.248	0.25446438463633514
8.252	0.23338226968817088
8.256	0.21181398207640123
8.26	0.18998877160957062
8.264	0.16812545552682123
8.268	0.1464324184978747
8.272	0.12510761262307024
8.276	0.10433855743330667
8.28	0.08430233989008173
8.284	0.06516561438547358
8.288	0.047084602742174464
8.292	0.03020509421343942
8.296	0.014662445483121733
8.3	0.0005785123890182375
8.304	-0.012032025315649897
8.308	-0.02326317215219159
8.312	-0.033210731536806426
8.316	-0.04196712673998282
8.32	-0.0496214008864827
8.324	-0.056259216955364955
8.328	-0.06196285777996924
8.332	-0.06681122604792245
8.336	-0.07087984430113003
8.34	-0.07424085493578919
8.344	-0.07696302020237972
8.348	-0.07911172220566726
8.352	-0.08074896290469985
8.356	-0.08193336411281349
8.36	-0.08272016749762806
8.364	-0.08316123458104857
8.368	-0.0833050467392647
8.372	-0.08319670520275169
8.376	-0.0828779310562695
8.38	-0.0823870652388628
8.384	-0.08175906854386217
8.388	-0.08102552161888243
8.392	-0.08021462496582377
8.396	-0.07935119894087067
8.4	-0.07843316526588578
8.404	-0.0774183323266151
8.408	-0.07632307076210004
8.412	-0.0751491644322349
8.416	-0.07387918513911201
8.42	-0.07247649262701877
8.424	-0.07088523458243917
8.428	-0.06903034663405322
8.432	-0.06681755235273973
8.436	-0.06413336325157137
8.44	-0.06084507878581835
8.444	-0.056800786352945276
8.448	-0.05182936129261867
8.452	-0.04574046688669653
8.456	-0.03832455435923465
8.46	-0.02936087567739204
8.464	-0.018724217944361632
8.468	-0.006236265068791269
8.472	0.008222404385474058
8.476	0.024662679969775503
8.48	0.042986919350610886
8.484	0.06298894830967805
8.488	0.08435406074384666
8.492	0.10665901866517535
8.496	0.129372052200871
8.5	0.1518528595933495
8.504	0.17335260720019507
8.508	0.1930139294941794
8.512	0.21008884561441787
8.516	0.2239553698125486
8.52	0.23400038226691555
8.524	0.23979895291128384
8.528	0.24111434446592606
8.532	0.23789801243763664
8.536	0.23028960511972052
8.54	0.21861696359199034
8.544	0.2033961217207888
8.548	0.1853313061589572
8.552	0.16515541882306428
8.556	0.14358689433732263
8.56	0.12147812011266035
8.564	0.09956019935600308
8.568	0.07844035110241493
8.572	0.05860191021508038
8.576	0.040404327385339445
8.58	0.024083169132633975
8.584	0.009750117804544156
8.588	-0.0026070284232260765
8.592	-0.011752937025286292
8.596	-0.017491248722636965
8.6	-0.02414921936189318
8.604	-0.034915263586827394
8.608	-0.051673402222914555
8.612	-0.0750032622773591
8.616	-0.10418007693907938
8.62	-0.13717468557872603
8.624	-0.17065353374862116
8.628	-0.19997867318284887
8.632	-0.2192568114972702
8.636	-0.21341500707434097
8.64	-0.164707388851644
8.644	-0.06330674939048642
8.648	0.09250281007501704
8.652	0.2963258796380386
8.656	0.53365574071865
8.66	0.7812393220494153
8.664	0.9918920318291936
8.668	1.1151602518831671
8.672	1.124078642459895
8.676	1.0158992221036063
8.68	0.8118317937059102
8.684	0.5544156923112438
8.688	0.29163747378865934
8.692	0.05923076096786162
8.696	-0.12065127765523215
8.7	-0.2391276941517866
8.704	-0.29242835185543425
8.708	-0.2949796634707004
8.712	-0.26525868436582034
8.716	-0.21847279378467152
8.72	-0.16655969484675148
8.724	-0.11818741454727111
8.728	-0.07875430375701242
8.732	-0.050389037222421884
8.736	-0.03194109467765033
8.74	-0.019144142161856226
8.744	-0.009569954470694642
8.748	-0.0020543986086606347
8.752	0.004403002338464412
8.756	0.010639069203602192
8.76	0.017326966738393734
8.764	0.024976203613188364
8.768	0.0339326324170508
8.772	0.044378449657744845
8.776	0.056332195761756576
8.78	0.06964875507428003
8.784	0.08401939372787487
8.788	0.09939235509658056
8.792	0.1159742714793699
8.796	0.13372048168169082
8.8	0.1525579398879512
8.804	0.17238521566148368
8.808	0.19307249394459713
8.812	0.21446157505854224
8.816	0.23636587470353077
8.82	0.25857042395869545
8.824	0.2808318692821491
8.828	0.3028784725109456
8.832	0.3244101108610985
8.836	0.34510371320134525
8.84	0.3647588192346978
8.844	0.38305591287161767
8.848	0.39963484569658403
8.852	0.41418413509538854
8.856	0.42644096425517997
8.86	0.4361911821644331
8.864	0.4432693036129597
8.868	0.447558509191897
8.872	0.44899064529372634
8.876	0.44754622411225997
8.88	0.4432544236426412
8.884	0.4361930876813547
8.888	0.42648872582621355
8.892	0.414316513476367
8.896	0.39990029183229114
8.9	0.38342319348036646
8.904	0.3650736542138636
8.908	0.3452326715932984
8.912	0.32426149475323296
8.916	0.3024971909197327
8.92	0.28025264541031036
8.924	0.2578165616339624
8.928	0.23545346109115095
8.932	0.2134036833738432
8.936	0.19188338616545098
8.94	0.1710845452408719
8.944	0.15117495446646934
8.948	0.13229822580010864
8.952	0.11457378929110307
8.956	0.09809689308025071
8.96	0.08293992869915534
8.964	0.06919884847276508
8.968	0.05685147331513063
8.972	0.045819716603213045
8.976	0.036026410760999994
8.98	0.02739530725952205
8.984	0.019851076616827112
8.988	0.013319308397997998
8.992	0.0077265112151455595
8.996	0.003000112727418458
9.0	-0.0009315403590117177
9.004	-0.004139182290940735
9.008	-0.006692628268134659
9.012	-0.008660774443325692
9.016	-0.01011159792221955
9.02	-0.011112156763489978
9.024	-0.011728589978780679
9.028	-0.012026117532704161
9.032	-0.012069040342843174
9.036	-0.011920740279750097
9.04	-0.011631831853187669
9.044	-0.011144433569598544
9.048	-0.010496755610062414
9.052	-0.009747333071517428
9.056	-0.008939617754846474
9.06	-0.008101978164879009
9.064	-0.007247699510388728
9.068	-0.006374983704095116
9.072	-0.005466949362662565
9.076	-0.0044916318067021455
9.08	-0.0034019830607688317
9.084	-0.00213587185336378
9.088	-0.0006160836169324391
9.092	0.0012496795121321735
9.096	0.0035687986934936355
9.1	0.006463738382869566
9.104	0.010072046332033957
9.108	0.014546353588810401
9.112	0.020054374497081917
9.116	0.026708462750415995
9.12	0.034734922015251635
9.124	0.04445855422257006
9.128	0.05610054146271176
9.132	0.0697777467416264
9.136	0.08550271398088338
9.14	0.10318366801764312
9.144	0.12262451460469881
9.148	0.14352484041044933
9.152	0.16547991301891618
9.156	0.18798068092970321
9.16	0.21042794225126438
9.164	0.23230510587847564
9.168	0.2526671318318072
9.172	0.2705702279879908
9.176	0.2852470488560791
9.18	0.29610669557740876
9.184	0.3027347159256122
9.188	0.30489310430660643
9.192	0.3025203017586128
9.196	0.29573119595214126
9.2	0.2848171211899899
9.204	0.27024585840726556
9.208	0.2525449060936218
9.212	0.2323694229348522
9.216	0.21070995283055804
9.22	0.18844259230161353
9.224	0.16631494588853035
9.228	0.1449461261514965
9.232	0.12482675367036655
9.236	0.1063189570446541
9.24	0.08965637289356365
9.244	0.07494414585594134
9.248	0.06215892859030869
9.252	0.05114888177484933
9.256	0.04199156140200788
9.26	0.03447388038250576
9.264	0.02505746209173154
9.268	0.011034903092574988
9.272	-0.009039131619030139
9.276	-0.03534790861414189
9.28	-0.06681262603078847
9.284	-0.10109241357398879
9.288	-0.13548915424221453
9.292	-0.1580399333498845
9.296	-0.14963416734468515
9.3	-0.0970623513293627
9.304	0.006677596434215838
9.308	0.16238033452519796
9.312	0.36463309836367797
9.316	0.6018157002108194
9.32	0.8512110265425684
9.324	1.057367333200701
9.328	1.1721711690732488
9.332	1.1713523761992097
9.336	1.0544866915639624
9.34	0.8448596262525597
9.344	0.5855561464764257
9.348	0.3234095981035393
9.352	0.09345687848867995
9.356	-0.08257141590875672
9.36	-0.1962509895242717
9.364	-0.24967533582908338
9.368	-0.2507311898584943
9.372	-0.2184844397923108
9.376	-0.16925963076225778
9.38	-0.11571309781533612
9.384	-0.06683296591392046
9.388	-0.027939149935608587
9.392	-0.0006833546733228113
9.396	0.01744523466446468
9.4	0.03028994647380273
9.404	0.039466688476707146
9.408	0.046338293383578755
9.412	0.05206621144439405
9.416	0.057610510448695584
9.42	0.06372987572560668
9.424	0.07098161014382137
9.428	0.07972163411161115
9.432	0.09010448557680872
9.436	0.10208332002683163
9.44	0.11540991048866678
9.444	0.12964413580118017
9.448	0.14485810861231174
9.452	0.16127456721306166
9.456	0.1788499406665085
9.46	0.19751093888842142
9.464	0.2171545526472266
9.468	0.23764805356405727
9.472	0.25882899411272076
9.476	0.280505207619716
9.48	0.30245480826419535
9.484	0.3244261910780225
9.488	0.34613803194573334
9.492	0.36729691144009247
9.496	0.3877298198344541
9.5	0.4070723681187044
9.504	0.4249435371877385
9.508	0.44100850167772865
9.512	0.45497862996609606
9.516	0.46661148417155485
9.52	0.4757108201540814
9.524	0.48212658751492543
9.528	0.48575492959659816
9.532	0.486538183482891
9.536	0.48446487999886223
9.54	0.4795697437108375
9.544	0.47193369292642007
9.548	0.461683839694478
9.552	0.44899348980515097
9.556	0.43399751510277373
9.56	0.41685031623553837
9.564	0.3979338845478647
9.568	0.37761454122334215
9.572	0.35623636891636035
9.576	0.33412121175214937
9.58	0.31156867532672095
9.584	0.2888561267069074
9.588	0.2662386944303414
9.592	0.24394926850549692
9.596	0.22219850041162792
9.6	0.20117480309880986
9.604	0.18104435098791982
9.608	0.16195107997067226
9.612	0.14401668740956552
9.616	0.12734063213791758
9.62	0.11200442918635956
9.624	0.09808557086122288
9.628	0.08553808720459488
9.632	0.07428925231017153
9.636	0.06426646938043434
9.64	0.055397270726667114
9.644	0.04760931776892996
9.648	0.0408304010360771
9.652	0.03498844016575031
9.656	0.030011483904388014
9.66	0.025827710107210577
9.664	0.022365425738230804
9.668	0.01955306687024988
9.672	0.017319198684862147
9.676	0.015592515472447888
9.68	0.014301840632178042
9.684	0.013376126672012933
9.688	0.01274445520870382
9.692	0.012336036967790065
9.696	0.012106311146027893
9.7	0.012088473728411264
9.704	0.012230944563177526
9.708	0.012483593984403962
9.712	0.012808422634560723
9.716	0.013179561464510547
9.72	0.013583271733508429
9.724	0.014017945009202448
9.728	0.014494103167632888
9.732	0.015034398393233117
9.736	0.015673613178828982
9.74	0.016458660325638308
9.744	0.017448582943272117
9.748	0.01871455444973391
9.752	0.02033987857142061
9.756	0.022419989343119673
9.76	0.025062451108012807
9.764	0.028378924919825965
9.768	0.03238638144766759
9.772	0.03739732106524324
9.776	0.0437661192742253
9.78	0.051768680453462446
9.784	0.061602437858986
9.788	0.07338635362399193
9.792	0.08716091875886672
9.796	0.10288815315117072
9.8	0.12045160556565093
9.804	0.1396563536442078
9.808	0.1602290039059433
9.812	0.1818176917471298
9.816	0.2040721152909828
9.82	0.22645833240116364
9.824	0.24790453314635008
9.828	0.267452991891448
9.832	0.28429830754176044
9.836	0.2977874035429582
9.84	0.3074195278811256
9.844	0.31284625308272906
9.848	0.3138714762146244
9.852	0.31045141888405703
9.856	0.30269462723866514
9.86	0.29086197196647534
9.864	0.2752910587792594
9.868	0.2564773567577818
9.872	0.23546202408258865
9.876	0.21320594967303375
9.88	0.19054262058848892
9.884	0.16817812202838434
9.888	0.14669113733214723
9.892	0.12653294797924275
9.896	0.10802743358915579
9.9	0.09137107192142319
9.904	0.07663293887558487
9.908	0.06375470849121656
9.912	0.05255065294791761
9.916	0.042838607887617564
9.92	0.03523179225200446
9.924	0.025881571197757913
9.928	0.011205029555647394
9.932	-0.01053711924223577
9.936	-0.03924053316251619
9.94	-0.0729572415705127
9.944	-0.10789564523025774
9.948	-0.1388332721626655
9.952	-0.15968124117022006
9.956	-0.14953299031255574
9.96	-0.09158422163113844
9.964	0.02213194108608002
9.968	0.19074495230481103
9.972	0.40454684474435454
9.976	0.644992229377722
9.98	0.884428244647573
9.984	1.077625835228289
9.988	1.177230554381139
9.992	1.1595028395855755
9.996	1.0256818792098406
10.0	0.8019856125109127
10.004	0.538224455100583
10.008	0.27961289038845283
10.012	0.05488704539542866
10.016	-0.11685170152163699
10.02	-0.22696398100831922
10.024	-0.2772724327127482
10.028	-0.2789432530054447
10.032	-0.2451962991644754
10.036	-0.19347173008046495
10.04	-0.1379422510452451
10.044	-0.08833430431946027
10.048	-0.04992806913241288
10.052	-0.023557461682165992
10.056	-0.006118938167984256
10.06	0.005392374189722882
10.064	0.013166903821500708
10.068	0.01901274272402409
10.072	0.024332015162917775
10.076	0.030120877672747792
10.08	0.03696951905703455
10.084	0.045062160388243455
10.088	0.05417705500779263
10.092	0.0640955751058696
10.096	0.07512641314370555
10.1	0.08733219717810814
10.104	0.10074635247318187
10.108	0.11537667657067963
10.112	0.13120533929003853
10.116	0.14818888272835684
10.12	0.1662582212604069
10.124	0.185318641538604
10.128	0.20524980249305358
10.132	0.22594921684291625
10.136	0.2473142096331684
10.14	0.2690347560054511
10.144	0.2907986087084655
10.148	0.31230439324511317
10.152	0.3332616078725128
10.156	0.3533906236019655
10.16	0.3724226841990087
10.164	0.39009990618337975
10.168	0.40617527882903237
10.172	0.42041266416410716
10.176	0.432586796970977
10.18	0.442483284786215
10.184	0.44989860790060676
10.188	0.4546401193591383
10.192	0.45647155918924653
10.196	0.4550281018713206
10.2	0.4504863606023626
10.204	0.4431015942861559
10.208	0.43312624169479497
10.212	0.4208099214686889
10.216	0.40639943211655605
10.22	0.39013875201544923
10.224	0.372269039410717
10.228	0.35302863241602933
10.232	0.33265304901336146
10.236	0.3113749870530317
10.24	0.2894243242536454
10.244	0.26702811820213246
10.248	0.24441060635373757
10.252	0.22179320603201014
10.256	0.19939451442884493
10.26	0.17743030860442144
10.264	0.1561135454872442
10.268	0.1356543618741236
10.272	0.11626007443021269
10.276	0.09813517968895125
10.28	0.08146662827178602
10.284	0.06624622098379135
10.288	0.05239864423900492
10.292	0.039859619884496045
10.296	0.028564465104834458
10.3	0.01844809242207951
10.304	0.00944500969579709
10.308	0.0014893201230332664
10.312	-0.0054852777616677395
10.316	-0.011545490086270371
10.32	-0.01675842764123786
10.324	-0.021191605879547826
10.328	-0.024912944916681612
10.332	-0.027990769530627957
10.336	-0.03049380916187816
10.34	-0.03249119791343413
10.344	-0.034052474550802625
10.348	-0.03524758250199722
10.352	-0.03614686985753646
10.356	-0.03682108937044687
10.36	-0.03734058321377359
10.364	-0.03766950568362859
10.368	-0.03780558601565842
10.372	-0.03781172137594829
10.376	-0.03773706930670517
10.38	-0.03761704772625807
10.384	-0.03747333492905769
10.388	-0.03731386958567662
10.392	-0.03713285074280931
10.396	-0.03691073782327203
10.4	-0.03661425062600304
10.404	-0.036196369326062294
10.408	-0.03559633447463184
10.412	-0.034739646999014995
10.416	-0.03353806820263788
10.42	-0.031889619765047894
10.424	-0.029678583741914344
10.428	-0.02677550256502692
10.432	-0.023037179042301403
10.436	-0.01831512844473171
10.44	-0.012556795164557044
10.444	-0.005447865235234883
10.448	0.0033371066379129233
10.452	0.014022726344136816
10.456	0.026732760367248865
10.46	0.04149013578563149
10.464	0.05821694027221114
10.468	0.07673442209449693
10.472	0.09676299011455614
10.476	0.1179222137890289
10.48	0.13973082316909125
10.484	0.16160670890051065
10.488	0.1828755583489412
10.492	0.20293529557732448
10.496	0.22091522415893694
10.5	0.23597641724205576
10.504	0.2474577918618982
10.508	0.2548761089406325
10.512	0.2579259732873671
10.516	0.2564798335981704
10.52	0.2505879824560556
10.524	0.2404785563309796
10.528	0.2265575355798627
10.532	0.20935718022920946
10.536	0.18946366036523743
10.54	0.16778530920711388
10.544	0.14516532979340957
10.548	0.12234183582040714
10.552	0.09994785164213887
10.556	0.07851131227036823
10.56	0.05845506337462769
10.564	0.040096861282161445
10.568	0.023649372977963656
10.572	0.009220176104763222
10.576	-0.0016494727606761184
10.58	-0.009305379264691216
10.584	-0.01718884681091043
10.588	-0.027883938897199145
10.592	-0.043096699604486366
10.596	-0.06365515359679225
10.6	-0.08950930612121116
10.604	-0.11973114300793003
10.608	-0.15251463067017243
10.612	-0.18517571610427988
10.616	-0.21416895663994234
10.62	-0.22868476549375008
10.624	-0.20975079382510392
10.628	-0.1442201945384889
10.632	-0.02593334353813398
10.636	0.14428216027206353
10.64	0.3586114949882092
10.644	0.6023597308889926
10.648	0.8452061218252963
10.652	1.0312943058871729
10.656	1.1201094922950636
10.66	1.0936235059664732
10.664	0.9562947875155877
10.668	0.7343294886355504
10.672	0.47127224468132045
10.676	0.21083211404264202
10.68	-0.015380602848968916
10.684	-0.1882341108988613
10.688	-0.30100246796452756
10.692	-0.35198938332013185
10.696	-0.3537633741202033
10.7	-0.3240388172988277
10.704	-0.2774554348458499
10.708	-0.2255782938067847
10.712	-0.1768978062828644
10.716	-0.13682972943101646
10.72	-0.10771516546392862
10.724	-0.08864695306478126
10.728	-0.0751360260503049
10.732	-0.06518202134762185
10.736	-0.057665851624334574
10.74	-0.05160522268074691
10.744	-0.046154633449882465
10.748	-0.04060537599747732
10.752	-0.034385535521989474
10.756	-0.027059990354584507
10.76	-0.01833041195914553
10.764	-0.008035264932270025
10.768	0.0038501929967347803
10.772	0.017213910965831303
10.776	0.03180704498028197
10.78	0.047263986467471264
10.784	0.06373403174412234
10.788	0.08132739049567023
10.792	0.09994114381497893
10.796	0.11945201768876956
10.8	0.13971638299763756
10.804	0.16057025551601523
10.808	0.18182929591222663
10.812	0.20328880974845098
10.816	0.2247237474807422
10.82	0.24588870445898958
10.824	0.2665179209269761
10.828	0.2863252820223393
10.832	0.30500431777658943
10.836	0.32222820311507683
10.84	0.3377215713620755
10.844	0.3512925245841245
10.848	0.362681977930846
10.852	0.37167396396686536
10.856	0.3780980348661427
10.86	0.3818292624119517
10.864	0.38278823799688466
10.868	0.38094107262285193
10.872	0.3762993969010846
10.876	0.3689203610521319
10.88	0.35890663490585684
10.884	0.3464064079014548
10.888	0.3316133890874282
10.892	0.3147668071216012
10.896	0.2961514102711086
10.9	0.2760974375485272
10.904	0.2548374972191937
10.908	0.23260856843011735
10.912	0.20974939829786787
10.916	0.18657128695700476
10.92	0.16335808756001557
10.924	0.14036620627735696
10.928	0.11782460229743474
10.932	0.09593478782664322
10.936	0.0748708280893054
10.94	0.05477934132771345
10.944	0.03577949880211012
10.948	0.01796302479072237
10.952	0.0013941965897098507
10.956	-0.013890155486799671
10.96	-0.02787163097675649
10.964	-0.040474162818118165
10.968	-0.051753122951717356
10.972	-0.06180024065950657
10.976	-0.07070414023153593
10.98	-0.07855034096593794
10.984	-0.08542125716895116
10.988	-0.09139619815490413
10.992	-0.09655136824622113
10.996	-0.1009598667734139
11.0	-0.10469168807509527
11.004	-0.10781372149796953
11.008	-0.11038975139683588
11.012	-0.11248045713458421
11.016	-0.1141434130822021
11.02	-0.11543308861876955
11.024	-0.11640084813146107
11.028	-0.11709495101554407
11.032	-0.1175605516743809
11.036	-0.1178396995194278
11.04	-0.11797133897023471
11.044	-0.11799130945444558
11.048	-0.11793234540779846
11.052	-0.11779103413680297
11.056	-0.11755501223237774
11.06	-0.11725083455551633
11.064	-0.11689071404235263
11.068	-0.11647219775477541
11.072	-0.11597816688042811
11.076	-0.11537683673270926
11.08	-0.11462175675077163
11.084	-0.11365181049952278
11.088	-0.11239121566962446
11.092	-0.11074952407749467
11.096	-0.1086216216653047
11.1	-0.105887728500981
11.104	-0.10241339877820294
11.108	-0.09804952081640933
11.112	-0.0926323170607894
11.116	-0.08598334408228825
11.12	-0.07790949257760194
11.124	-0.06820298736919223
11.128	-0.05664138740526514
11.132	-0.04299548957327659
11.136	-0.0272786591671072
11.14	-0.009705831862874936
11.144	0.009447114615259489
11.148	0.029844216367273912
11.152	0.051089423317300486
11.156	0.07272659921358837
11.16	0.0942395216285597
11.164	0.1150518819587727
11.168	0.13452728542493853
11.172	0.15196925107188797
11.176	0.1666212117686232
11.18	0.17766651420828294
11.184	0.18438054152522587
11.188	0.18665143032737286
11.192	0.18452220063029556
11.196	0.1781405410747453
11.2	0.16776416379425152
11.204	0.1537608044151424
11.208	0.13660822205651668
11.212	0.11689419933026046
11.216	0.09531654234103393
11.22	0.07268308068630985
11.224	0.04990115362730718
11.228	0.027530952632353167
11.232	0.00611561463203264
11.236	-0.01380223995310148
11.24	-0.03186250403879071
11.244	-0.04788758387703268
11.248	-0.061882399056096216
11.252	-0.07403438250049776
11.256	-0.08471348047103844
11.26	-0.09447215256477831
11.264	-0.10385454912844089
11.268	-0.11282962492460469
11.272	-0.12597119633432619
11.276	-0.14663865925732822
11.28	-0.17550677937061673
11.284	-0.21056569212850168
11.288	-0.24712090276253038
11.292	-0.27779328628158445
11.296	-0.2925190874718184
11.3	-0.28192303645432537
11.304	-0.23172580104854992
11.308	-0.12824033536373108
11.312	0.031740655420926245
11.316	0.24092083276795595
11.32	0.4815002247812328
11.324	0.7251752370338335
11.328	0.9329587975483177
11.332	1.057758623439606
11.336	1.0700220065542547
11.34	0.9652060746914096
11.344	0.7637777916025242
11.348	0.5086946941695284
11.352	0.24407424429072244
11.356	0.005192924657570652
11.36	-0.18452962935894163
11.364	-0.3139137187596929
11.368	-0.38361110264750864
11.372	-0.39908101280258845
11.376	-0.3762411090364437
11.38	-0.3315070826990234
11.384	-0.2781025934739369
11.388	-0.22605926937832646
11.392	-0.1822167067629435
11.396	-0.15020788112760064
11.4	-0.129075039751037
11.404	-0.11540564381553253
11.408	-0.10651187024004721
11.412	-0.1002044611558
11.416	-0.09479272390627813
11.42	-0.08908453104722214
11.424	-0.08238632034663668
11.428	-0.07450309478478417
11.432	-0.06573828772245832
11.436	-0.05623367013624653
11.44	-0.045650448071360206
11.444	-0.03391898155801398
11.448	-0.020994631056703683
11.452	-0.006857757458174851
11.456	0.008486277916556761
11.46	0.025007113316217633
11.464	0.04264938655924705
11.468	0.061332735033840624
11.472	0.08095179569792166
11.476	0.10137620507915768
11.48	0.12247983544819818
11.484	0.1442148728990742
11.488	0.16626520292441915
11.492	0.1882870188779192
11.496	0.20995467474220864
11.5	0.23096068512892887
11.504	0.25101572527868854
11.508	0.26984863106108237
11.512	0.2872063989746573
11.516	0.3028541861469637
11.52	0.31657531033452013
11.524	0.32817124992282776
11.528	0.33746164392635036
11.532	0.3442842919885447
11.536	0.34849515438183953
11.54	0.3499683520076413
11.544	0.34858912011155585
11.548	0.3440756563988955
11.552	0.3365484969250766
11.556	0.3263131441486685
11.56	0.31366671724450423
11.564	0.29889795210365133
11.568	0.28228720133343077
11.572	0.26410643425740365
11.576	0.24461923691540455
11.58	0.22408081206349229
11.584	0.2027379791739825
11.588	0.18082917443543
11.592	0.15858445075266714
11.596	0.13622547774674598
11.6	0.1139655417549772
11.604	0.09200954583091014
11.608	0.07055400974437209
11.612	0.04978706998141014
11.616	0.02988847974432951
11.62	0.011029608951675873
11.624	-0.00662655576173099
11.628	-0.022925407711717416
11.632	-0.037750763824294764
11.636	-0.05114385479276706
11.64	-0.063189855768853
11.644	-0.07397175127209826
11.648	-0.08357033518985119
11.652	-0.09206421077727306
11.656	-0.09952979065732259
11.66	-0.10604129682077945
11.664	-0.1116707606262281
11.668	-0.1164880228000641
11.672	-0.12056073343648571
11.676	-0.12395435199750676
11.68	-0.12673214731294785
11.684	-0.12895519758043944
11.688	-0.13068239036541818
11.692	-0.13197042260113273
11.696	-0.13287380058863973
11.7	-0.13344483999680506
11.704	-0.13373366586230273
11.708	-0.13378821258961676
11.712	-0.13365422395103993
11.716	-0.13337525308667364
11.72	-0.13299266250442904
11.724	-0.1325456240800254
11.728	-0.1320417662447287
11.732	-0.13143322110618516
11.736	-0.13074672251824898
11.74	-0.12999889042201218
11.744	-0.1291903231337811
11.748	-0.12830559734507552
11.752	-0.12731326812263016
11.756	-0.1261658689083926
11.76	-0.12479991151952463
11.764	-0.12313588614840104
11.768	-0.1210782613626129
11.772	-0.11851548410496288
11.776	-0.11531997969346813
11.78	-0.11134815182135993
11.784	-0.10644038255708088
11.788	-0.10042103234429417
11.792	-0.09309844000187051
11.796	-0.08426492272389657
11.8	-0.07369677607966785
11.804	-0.06108313929578818
11.808	-0.04623229130790529
11.812	-0.029376414681740126
11.816	-0.010804033998193519
11.82	0.009153701869141828
11.824	0.030123019754030644
11.828	0.051687522197562896
11.832	0.07338818744817116
11.836	0.09472336946159188
11.84	0.11514879790092403
11.844	0.13407757813658971
11.848	0.15088019124635077
11.852	0.16488449401528082
11.856	0.17537571893580883
11.86	0.18159647420768932
11.864	0.1828158228183474
11.868	0.17909950466288882
11.872	0.17104228136701594
11.876	0.15924341238553985
11.88	0.14429804140559233
11.884	0.12679719634665343
11.888	0.10732778936051168
11.892	0.08647261683128948
11.896	0.06481035937542662
11.9	0.042915581841720174
11.904	0.021358733311266143
11.908	0.0007061470974975004
11.912	-0.018479959253833167
11.916	-0.03563660237722677
11.92	-0.0501402532612778
11.924	-0.06238170126760578
11.928	-0.07317255403337702
11.932	-0.08337097771756252
11.936	-0.09388169700096677
11.94	-0.10565599508620782
11.944	-0.11969171369772968
11.948	-0.137033253081776
11.952	-0.15877157200642714
11.956	-0.18604418776157663
11.96	-0.2201152930752138
11.964	-0.2583030540938954
11.968	-0.28531326535568724
11.972	-0.2866809883941604
11.976	-0.25135160556127145
11.98	-0.17168082002744128
11.984	-0.04343465578146616
11.988	0.1342105423694402
11.992	0.3587967869966996
11.996	0.6120727004677592
12.0	0.8432200271852576
12.004	1.0081009663367633
12.008	1.075648202107217
12.012	1.0278649036788559
12.016	0.8643969292105086
12.02	0.626417166834586
12.024	0.36320161515903904
12.028	0.1132984995523818
12.032	-0.09555474382660506
12.036	-0.24617942177678323
12.04	-0.33302831719774967
12.044	-0.365877913391516
12.048	-0.3569363971650656
12.052	-0.3188288498643403
12.056	-0.2645972473742671
12.06	-0.2077004601188628
12.064	-0.16110305384565035
12.068	-0.12752136240026002
12.072	-0.10423686405021737
12.076	-0.0887278246368261
12.08	-0.07857363651579019
12.084	-0.07145481855725888
12.088	-0.06518010446548356
12.092	-0.05860355519328336
12.096	-0.05149689468620028
12.1	-0.04365031664055863
12.104	-0.03489232888575694
12.108	-0.02508975338428371
12.112	-0.014147726231694413
12.116	-0.0020096976566261193
12.12	0.01134256797921157
12.124	0.02591637204844044
12.128	0.04179430551370272
12.132	0.058911463702564504
12.136	0.07716527163226145
12.14	0.09643575145641642
12.144	0.11658552246508802
12.148	0.13745980108473843
12.152	0.15888640087825168
12.156	0.18067573254489433
12.16	0.2026208039203734
12.164	0.22449721997679795
12.168	0.24606318282269857
12.172	0.26705949170298837
12.176	0.28720954299902135
12.18	0.30621933022855363
12.184	0.32377744404576037
12.188	0.33955507224120507
12.192	0.3532059997418868
12.196	0.3644309845357445
12.2	0.37312718559710634
12.204	0.37916082587251965
12.208	0.38243446122882263
12.212	0.38289336637315374
12.216	0.3805255348529546
12.22	0.37536167905597484
12.224	0.3674752302102666
12.228	0.356982338384187
12.232	0.3440418724863915
12.236	0.328855420265858
12.24	0.3116672883118523
12.244	0.29276450205395044
12.248	0.27247680576202316
12.252	0.2511766625462737
12.256	0.22920428348869992
12.26	0.20676001042934622
12.264	0.18415687632667
12.268	0.1616850506630011
12.272	0.13960358701696562
12.276	0.11814042306352635
12.28	0.09749238057396437
12.284	0.07782516541591483
12.288	0.059273367553312084
12.292	0.041940461046426625
12.296	0.025898804051856128
12.3	0.011189638822518333
12.304	-0.002176908292322033
12.308	-0.014221826847093999
12.312	-0.024996976196119403
12.316	-0.034513843721785786
12.32	-0.04281633263424561
12.324	-0.050002807132194294
12.328	-0.056167595017216077
12.332	-0.061400987693790154
12.336	-0.06578924016928245
12.34	-0.06941457105395882
12.344	-0.07235516256097607
12.348	-0.07468516050638468
12.352	-0.07647467430912563
12.356	-0.07778977699103606
12.36	-0.07869250517684512
12.364	-0.07924085909417522
12.368	-0.0794888025735414
12.372	-0.07948626304835238
12.376	-0.07927913155490995
12.38	-0.07890926273240861
12.384	-0.07839160956122959
12.388	-0.07769014928468221
12.392	-0.07686066114518902
12.396	-0.0759528197261754
12.4	-0.07500019165612681
12.404	-0.07402023560858612
12.408	-0.07301430230215517
12.412	-0.0719676345004941
12.416	-0.07084936701232325
12.42	-0.06961252669141993
12.424	-0.06819403243662087
12.428	-0.0665146951918204
12.432	-0.06447921794597422
12.436	-0.0619761957330941
12.44	-0.05887811563225154
12.444	-0.05504135676757449
12.448	-0.05030619030825506
12.452	-0.04449677946853908
12.456	-0.037421179507732605
12.46	-0.028871337730196234
12.464	-0.018623093485360787
12.468	-0.006471274141500838
12.472	0.007666721149698241
12.476	0.023778857208338777
12.48	0.041758221854454936
12.484	0.061402923857940606
12.488	0.08241609293852065
12.492	0.10440587976576843
12.496	0.12688545595906564
12.5	0.14927301408766147
12.504	0.17089176767063374
12.508	0.19096995117690685
12.512	0.20864082002521667
12.516	0.2229746552559927
12.52	0.2334043837250347
12.524	0.23961760065573567
12.528	0.2414296985936314
12.532	0.23880529175189125
12.536	0.23185821601130463
12.54	0.22085152892027926
12.544	0.2061975096948626
12.548	0.18845765921871205
12.552	0.16834270004311325
12.556	0.14671257638696567
12.56	0.12456278259510023
12.564	0.1024843077250499
12.568	0.08109560357498413
12.572	0.06104233789556596
12.576	0.04277488347485453
12.58	0.02654831813825148
12.584	0.012422424748536942
12.588	0.0002616912058556742
12.592	-0.010264689552262451
12.596	-0.019682819550934372
12.6	-0.028714095777901905
12.604	-0.037895364139167276
12.608	-0.05000910187145674
12.612	-0.06868867671417
12.616	-0.0950766771634522
12.62	-0.12778650632279998
12.624	-0.1629023819030003
12.628	-0.19413069396908467
12.632	-0.21275937295514422
12.636	-0.2022174514935568
12.64	-0.14903023981562513
12.644	-0.04541400697769632
12.648	0.11072401913884122
12.652	0.31578565182765483
12.656	0.5611384903692485
12.66	0.8103211892069094
12.664	1.0079007267359184
12.668	1.1152519608595104
12.672	1.1117517061562703
12.676	0.9947787338804334
12.68	0.7821979880105
12.684	0.5218686373005944
12.688	0.26148300481676523
12.692	0.03529324117401206
12.696	-0.13592705208701883
12.7	-0.24484925071721392
12.704	-0.2899642989250788
12.708	-0.2848098212432243
12.712	-0.24899758297632138
12.716	-0.19843179244030415
12.72	-0.14530910096246563
12.724	-0.09811860288131569
12.728	-0.061641835546670964
12.732	-0.036952779319625095
12.736	-0.02141785757258946
12.74	-0.010457020481575208
12.744	-0.002284906648338636
12.748	0.0043896404771091024
12.752	0.010616515801452953
12.756	0.017201341017494376
12.76	0.02470546460413925
12.764	0.033445961826405246
12.768	0.043495634735405964
12.772	0.05468301216837351
12.776	0.06685660740976312
12.78	0.08023237682549023
12.784	0.09484926972921781
12.788	0.11071197720739978
12.792	0.1277939071113191
12.796	0.14603718405710253
12.8	0.16535264942568706
12.804	0.18561986136286912
12.808	0.20668709477927238
12.812	0.22837134135035542
12.816	0.2504583095164221
12.82	0.2727573951739104
12.824	0.29508884731416385
12.828	0.3170563806762653
12.832	0.33828071384653324
12.836	0.3584130300038382
12.84	0.3771349769196589
12.844	0.39415866695804525
12.848	0.40922667707563254
12.852	0.4221120488216167
12.856	0.4326182883377939
12.86	0.4405793663585339
12.864	0.4458597182107873
12.868	0.44835424381407873
12.872	0.4479883076805202
12.876	0.4447174444069908
12.88	0.4383496317601183
12.884	0.42898006727104443
12.888	0.41696136069986733
12.892	0.4026335735503491
12.896	0.386324219069905
12.9	0.36834826224963435
12.904	0.3490081198242764
12.908	0.32859366027223835
12.912	0.30738220381557957
12.916	0.28563852242004883
12.92	0.26361483979502864
12.924	0.2415508313935718
12.928	0.2196736244123828
12.932	0.19819779779185698
12.936	0.17732538221602134
12.94	0.15724586011257446
12.944	0.13813616565286801
12.948	0.12016068475193975
12.952	0.10347125506846422
12.956	0.08820368311486398
12.96	0.07439035825318985
12.964	0.061964563361250224
12.968	0.050855322957709614
12.972	0.04099138987811396
12.976	0.03230124527488032
12.98	0.024713098617312024
12.984	0.01815488769157564
12.988	0.012554278600716395
12.992	0.007838665764653086
12.996	0.003935171920184721
13.0	0.0007706481209794891
13.004	-0.0017283262624176454
13.008	-0.0036354435425874354
13.012	-0.005024667715233522
13.016	-0.005970234459186874
13.02	-0.006546651136402959
13.024	-0.0068286967919624075
13.028	-0.0068914221540702925
13.032	-0.006761097309395836
13.036	-0.006411308002406135
13.04	-0.00590305703793409
13.044	-0.005287564639480602
13.048	-0.004603293131469066
13.052	-0.003875946939246533
13.056	-0.00311847258908321
13.06	-0.0023310587081732947
13.064	-0.001501136024633698
13.068	-0.0006033773675048759
13.072	0.0004003023332499467
13.076	0.0015607460467426115
13.08	0.0029415546411631355
13.084	0.004619086883777601
13.088	0.006682459440930044
13.092	0.009233546878037846
13.096	0.012386981659598006
13.1	0.016264928778459642
13.104	0.02088297730469535
13.108	0.02655349747143365
13.112	0.03365012671672535
13.116	0.042458539108921944
13.12	0.053176445346683476
13.124	0.06591359275895775
13.128	0.08069176530500977
13.132	0.09744478357440262
13.136	0.11601850478701137
13.14	0.13617082279298853
13.144	0.15757166807281398
13.148	0.17980300773726288
13.152	0.20241580162404582
13.156	0.22486799767668886
13.16	0.2460820340098001
13.164	0.2650846986207106
13.168	0.28107239672980633
13.172	0.29341115078050184
13.176	0.3016366004392822
13.18	0.30545400259567435
13.184	0.30473823136225264
13.188	0.299533778074642
13.192	0.2900547512915168
13.196	0.27668487679459963
13.2	0.259868292901395
13.204	0.24026013884377517
13.208	0.21890272044712922
13.212	0.19672085329588707
13.216	0.17450707066928572
13.22	0.15292162354141003
13.224	0.1324924805811315
13.228	0.11361532815215014
13.232	0.09655357031297535
13.236	0.08143832881695695
13.24	0.06826844311223884
13.244	0.05691047034179003
13.248	0.04715520298859299
13.252	0.03968746053804295
13.256	0.031249382424106187
13.26	0.01831126931180277
13.264	-0.0010587151423500085
13.268	-0.02719454429030066
13.272	-0.05883232849251441
13.276	-0.09311031511794277
13.28	-0.1260579913975569
13.284	-0.15104395349974709
13.288	-0.14718132344743468
13.292	-0.09804397352788824
13.296	0.004901303117821942
13.3	0.16229479249461432
13.304	0.3668838597536709
13.308	0.603522949192279
13.312	0.8483486674485209
13.316	1.0534419230953107
13.32	1.1666734251605209
13.324	1.1614712859102938
13.328	1.0380081904763951
13.332	0.8232008035024564
13.336	0.5631552693869013
13.34	0.30228282358311365
13.344	0.07491987641558029
13.348	-0.09769347378241938
13.352	-0.20741344066853415
13.356	-0.25766360673436495
13.36	-0.2564474078834635
13.364	-0.22234577169854886
13.368	-0.17191501644753493
13.372	-0.11790319430084278
13.376	-0.06925009133145643
13.38	-0.031087227514899285
13.384	-0.0047160478023763885
13.388	0.012974875418176102
13.392	0.02499233752128943
13.396	0.03325407235626798
13.4	0.03938530500066867
13.404	0.04471875176032236
13.408	0.050294620169318294
13.412	0.056860608990011385
13.416	0.06487190821301081
13.42	0.07449119905719626
13.424	0.08558865396970738
13.428	0.09774193662595287
13.432	0.11067986226352633
13.436	0.12481861315403986
13.44	0.140183320031545
13.444	0.15675781334863015
13.448	0.1744949634588775
13.452	0.19331668061690654
13.456	0.21311391497834542
13.46	0.23374665659984728
13.464	0.25504393543905357
13.468	0.2768038213546482
13.472	0.2987934241063228
13.476	0.3208325327975402
13.48	0.3427123025457318
13.484	0.36402339790656957
13.488	0.3843865755759165
13.492	0.4034573604457916
13.496	0.42092604560433655
13.5	0.4365176923358658
13.504	0.4499921301208334
13.508	0.4611439566358446
13.512	0.46980253775363856
13.516	0.47583200754311705
13.52	0.47913126826932406
13.524	0.47963399039345067
13.528	0.47730861257283563
13.532	0.4721583416609666
13.536	0.4641702181491899
13.54	0.45329420449691205
13.544	0.43985647438434006
13.548	0.4242089930641436
13.552	0.40668921492869803
13.556	0.38762008351007093
13.56	0.3673100314800569
13.564	0.346052980650127
13.568	0.3241283419714618
13.572	0.30180101553493255
13.576	0.279321390571142
13.58	0.2569253454503644
13.584	0.2348342476825852
13.588	0.2132549539174814
13.592	0.19237980994446036
13.596	0.17238665069260106
13.6	0.15343880023069456
13.604	0.13568507176722444
13.608	0.11925976779283298
13.612	0.10425579573733601
13.616	0.09064424993811615
13.62	0.0783647446489269
13.624	0.06735534038574897
13.628	0.05755254392675774
13.632	0.04889130831234534
13.636	0.041305032845112055
13.64	0.034725563089879175
13.644	0.029083190873669063
13.648	0.024306654285718543
13.652	0.02032313767747429
13.656	0.01705827166259899
13.66	0.014436133116961458
13.664	0.012379245178643306
13.668	0.010808577247936824
13.672	0.009643544987347541
13.676	0.008802010321589837
13.68	0.008204203390450804
13.684	0.007852912261246126
13.688	0.00771849338955527
13.692	0.007749258274144244
13.696	0.007902969872720211
13.7	0.00814684260193188
13.704	0.008457542337368618
13.708	0.008821186413561222
13.712	0.009233343623981649
13.716	0.009699034221043179
13.72	0.010232729916099637
13.724	0.01085835387944678
13.728	0.011609280740320804
13.732	0.012528336586900113
13.736	0.013667798966302713
13.74	0.01508939688458888
13.744	0.01686431080675982
13.748	0.019058555474816052
13.752	0.021679326024072465
13.756	0.025006574623739952
13.76	0.02934239712149944
13.764	0.03494359461306146
13.768	0.042021673442155405
13.772	0.05074284520054445
13.776	0.06122802672801614
13.78	0.0735528401123906
13.784	0.08774761268949788
13.788	0.10379737704321046
13.792	0.12164187100542245
13.796	0.14117553765606394
13.8	0.16235818770483046
13.804	0.18479695140686025
13.808	0.2074935654763035
13.812	0.22952978780507816
13.816	0.2500859498701815
13.82	0.26844095673374757
13.824	0.2839722870430087
13.828	0.2961559930303046
13.832	0.30456670051308554
13.836	0.30887760889389915
13.84	0.30886049116041314
13.844	0.30438569388539816
13.848	0.2954201922295404
13.852	0.28215242977878774
13.856	0.26540936057382425
13.86	0.24609339240482353
13.864	0.22503287004262484
13.868	0.2029820752387711
13.872	0.1806212267254519
13.876	0.1585564802155408
13.88	0.13731992840257767
13.884	0.11736960096080473
13.888	0.09908946454511114
13.892	0.08278942279107032
13.896	0.07003998184569804
13.9	0.06152533817706346
13.904	0.0539740767992718
13.908	0.04476318198408252
13.912	0.03202335499720488
13.916	0.014639014098321912
13.92	-0.007751705458942493
13.924	-0.034756951427003524
13.928	-0.06523115456433398
13.932	-0.09727502863540866
13.936	-0.12823557041078615
13.94	-0.1546979738515502
13.944	-0.1651704613111233
13.948	-0.13913563816957292
13.952	-0.06303559836027
13.956	0.06836826217454811
13.96	0.2519952454838603
13.964	0.476445351607508
13.968	0.7220251004483268
13.972	0.9540431499065719
13.976	1.116822107673198
13.98	1.1724810368778975
13.984	1.1085542370005066
13.988	0.9379912438706545
13.992	0.6975005462935785
13.996	0.4315016127382435
14.0	0.1797974303590828
14.004	-0.02960588265760844
14.008	-0.18116870637451774
14.012	-0.2718179191030765
14.016	-0.30502066006376405
14.02	-0.2933390696836522
14.024	-0.25456581248468146
14.028	-0.2031428176920654
14.032	-0.15016063592155948
14.036	-0.10335843917952597
14.04	-0.0671240208629092
14.044	-0.042392285435629506
14.048	-0.02599677617578877
14.052	-0.015127105276500241
14.056	-0.0077448979751792435
14.06	-0.0021637265959471574
14.064	0.002950889450386518
14.068	0.008581483666310563
14.072	0.015358642467619421
14.076	0.023561005183400652
14.08	0.03311526405605242
14.084	0.04359629048549801
14.088	0.05488312027029835
14.092	0.06732459045961464
14.096	0.08096026879581625
14.1	0.09580211541193917
14.104	0.11183448283169806
14.108	0.12901411596945767
14.112	0.1472701521302746
14.116	0.1665041210098709
14.12	0.1865899446946484
14.124	0.20737393766165368
14.128	0.22867480677863128
14.132	0.2503556752658458
14.136	0.27222223658367617
14.14	0.29391750795247407
14.144	0.31510370373523466
14.148	0.33546429901182173
14.152	0.35470402957898683
14.156	0.37254889195033436
14.16	0.3887461433563738
14.164	0.4030643017444845
14.168	0.4152931457789296
14.172	0.42524371484083534
14.176	0.43274830902822337
14.18	0.43766048915598865
14.184	0.4398550767559051
14.188	0.4392280805106261
14.192	0.4354545824919125
14.196	0.42851323149675746
14.2	0.41873501020750226
14.204	0.4064396832959898
14.208	0.3919357974235369
14.212	0.3755206812409527
14.216	0.35748044538852475
14.22	0.33808998249605315
14.224	0.3176129671828011
14.228	0.29630185605752746
14.232	0.2743978877184685
14.236	0.2521310827533775
14.24	0.22972024373946598
14.244	0.20737295524344235
14.248	0.18528558382149363
14.252	0.16364327801932277
14.256	0.14261996837209112
14.26	0.12237836740445718
14.264	0.10306996963055914
14.268	0.08483505155404758
14.272	0.067802671668035
14.276	0.052090670455130106
14.28	0.03780677248564818
14.284	0.024981618377795
14.288	0.013521457370108347
14.292	0.0033262026102254816
14.296	-0.005700297759966111
14.3	-0.013650260604313236
14.304	-0.020611967792420804
14.308	-0.02666976619963546
14.312	-0.031904067707052064
14.316	-0.03639134920150461
14.32	-0.04020415257558013
14.324	-0.04341108472760952
14.328	-0.04607681756166987
14.332	-0.0482620879875818
14.336	-0.05002369792091488
14.34	-0.05141451428298366
14.344	-0.05248346900084866
14.348	-0.05327555900731651
14.352	-0.05383184624093895
14.356	-0.054189457646014794
14.36	-0.05438158517258834
14.364	-0.05443748577645002
14.368	-0.054382481419135986
14.372	-0.054237959067928665
14.376	-0.05402137069585622
14.38	-0.05374623328169281
14.384	-0.053422128809959
14.388	-0.05304279285783059
14.392	-0.05256903875445551
14.396	-0.051985276532842684
14.4	-0.051260325643269156
14.404	-0.050343977919804994
14.408	-0.04916699758031445
14.412	-0.04764112122645514
14.416	-0.045659057843680406
14.42	-0.04309448880123601
14.424	-0.039802067852162004
14.428	-0.03561742113329058
14.432	-0.03035714716525334
14.436	-0.023818816852470726
14.44	-0.015780973483158822
14.444	-0.0060881128422930475
14.448	0.005395960205406225
14.452	0.018814624480235242
14.456	0.03420280624800304
14.46	0.05148687803820823
14.464	0.07048465864400727
14.468	0.09090541312226047
14.472	0.1123498527935024
14.476	0.134310135241959
14.48	0.1561698643155075
14.484	0.17720409012573635
14.488	0.19661896933758394
14.492	0.21378175581090808
14.496	0.22793163418974927
14.5	0.23843151044954103
14.504	0.2448227937448162
14.508	0.24682539640921541
14.512	0.2443377339554862
14.516	0.23743672507548685
14.52	0.22637779164018268
14.524	0.2115948586996388
14.528	0.19370035448304934
14.532	0.1734833160288658
14.536	0.15163212147613125
14.54	0.12888177027346515
14.544	0.10601945419516412
14.548	0.0837063592347303
14.552	0.062477665604910804
14.556	0.042742547737680436
14.56	0.02478417428427493
14.564	0.008759708115139264
14.568	-0.005299693680037243
14.572	-0.017488879792334766
14.576	-0.02773218880238293
14.58	-0.03677201141354719
14.584	-0.046721212012153124
14.588	-0.059380189642276926
14.592	-0.07619530338925912
14.596	-0.09825887237973718
14.6	-0.12630917578162532
14.604	-0.16086445977474653
14.608	-0.19927018444658304
14.612	-0.22869276815335288
14.616	-0.2364567384705891
14.62	-0.2118487641160463
14.624	-0.14611765494975903
14.628	-0.0324743619739819
14.632	0.13390802266678636
14.636	0.3589531547159518
14.64	0.6138244137993104
14.644	0.8478055960805985
14.648	1.0213443295209612
14.652	1.1062861550306997
14.656	1.085874526469159
14.66	0.9547508106449664
14.664	0.731964007490031
14.668	0.46878537454925906
14.672	0.20741765219720554
14.676	-0.02118035595525558
14.68	-0.1972902737508696
14.684	-0.31243415248614836
14.688	-0.36937447091119663
14.692	-0.37672106905179736
14.696	-0.34705929082060155
14.7	-0.2978081556386645
14.704	-0.24260978298916278
14.708	-0.1912788989364228
14.712	-0.1498028361260066
14.716	-0.12034153378468343
14.72	-0.10122753772047671
14.724	-0.08822641741511461
14.728	-0.079195487147882
14.732	-0.07255946402052915
14.736	-0.06701659808554888
14.74	-0.061551007308905725
14.744	-0.055432677570047884
14.748	-0.048217462661900135
14.752	-0.03974708429087759
14.756	-0.030149132076866536
14.76	-0.019707166904795625
14.764	-0.008201510932637768
14.768	0.00446206431575541
14.772	0.018313715084217586
14.776	0.03335706076744849
14.78	0.04956918391102638
14.784	0.06690063021137854
14.788	0.08527540851582477
14.792	0.10459099082254841
14.796	0.12471831228061359
14.8	0.14550177118992758
14.804	0.16675922900129603
14.808	0.1883262846235173
14.812	0.21005526559248822
14.816	0.23159923688665196
14.82	0.2526194033112307
14.824	0.27279963785078454
14.828	0.29184648166922944
14.832	0.30948914410980355
14.836	0.3254795026951183
14.84	0.33959210312712396
14.844	0.3516241592871232
14.848	0.36139555323575057
14.852	0.36874883521300494
14.856	0.3735492236382266
14.86	0.3756846051101035
14.864	0.37506553440667023
14.868	0.3715465373065706
14.872	0.36492037513506426
14.876	0.3554590476224142
14.88	0.3434676050312163
14.884	0.3292416767841848
14.888	0.3130674714641216
14.892	0.2952217768139356
14.896	0.275971959736629
14.9	0.2555759662953333
14.904	0.23428232171325614
14.908	0.21233013037371684
14.912	0.18994907582012655
14.916	0.16735942075602894
14.92	0.14477200704504078
14.924	0.12238825571089063
14.928	0.10040016693740039
14.932	0.07899032006852358
14.936	0.05833187360828629
14.94	0.0385885652208276
14.944	0.019914711730380785
14.948	0.002455209121306312
14.952	-0.013654411146807932
14.956	-0.028299458891335227
14.96	-0.041518409484131436
14.964	-0.05340359867474592
14.968	-0.06404432260439819
14.972	-0.0735268378059547
14.976	-0.08193436120393816
14.98	-0.08934707011451298
14.984	-0.09584210224550799
14.988	-0.10149355569640073
14.992	-0.10637248895832341
14.996	-0.11054692091405488
15.0	-0.11408183083803353
15.004	-0.11703915839634788
15.008	-0.11947780364674032
15.012	-0.12145362703860324
15.016	-0.12301944941298487
15.02	-0.12422505200258499
15.024	-0.12511717643175652
15.028	-0.12573952471650424
15.032	-0.12613275926448692
15.036	-0.12633450287501546
15.04	-0.12637933873905366
15.044	-0.1262988104392182
15.048	-0.1261214219497786
15.052	-0.12587263763665685
15.056	-0.12557488225742797
15.06	-0.12524320186154447
15.064	-0.12483172694468364
15.068	-0.12433390113498022
15.072	-0.12374827693350221
15.076	-0.12305550829069983
15.08	-0.12221835060640379
15.084	-0.12118166072982633
15.088	-0.11987239695956031
15.092	-0.11819961904358156
15.096	-0.1160544881792458
15.1	-0.11331026701329033
15.104	-0.10982231964183214
15.108	-0.10542811161037413
15.112	-0.09994720991379619
15.116	-0.09318128299636097
15.12	-0.08491410075170808
15.124	-0.07498124094396236
15.128	-0.06325433073901493
15.132	-0.04962471505286431
15.136	-0.03407936674388007
15.14	-0.016700896235962825
15.144	0.002332448481497329
15.148	0.022746781853594022
15.152	0.044172580759920366
15.156	0.0661446845145312
15.16	0.08810229486599958
15.164	0.10938897599737973
15.168	0.12925265452622425
15.172	0.14684561950454933
15.176	0.16141811729587818
15.18	0.172503018333801
15.184	0.17961825988624192
15.188	0.18245479934077669
15.192	0.18087920584356199
15.196	0.17493366029932111
15.2	0.1648359553713421
15.204	0.15097949548149792
15.208	0.13393329681021926
15.212	0.11440816412787547
15.216	0.09304385379088603
15.22	0.07064646431141358
15.224	0.04796555625643523
15.228	0.025644228965953697
15.232	0.004219120552979683
15.236	-0.015879592096430417
15.24	-0.03432819332323278
15.244	-0.050909428695356695
15.248	-0.06551197443030071
15.252	-0.07764400464154225
15.256	-0.08783393212120061
15.26	-0.09741934509309574
15.264	-0.10767098142863124
15.268	-0.11979272864677631
15.272	-0.13492162391409218
15.276	-0.15412785404471477
15.28	-0.17841475550037117
15.284	-0.20871881439033413
15.288	-0.24754245919456164
15.292	-0.28905650215555906
15.296	-0.3141487332298891
15.3	-0.30776294130194704
15.304	-0.2595688785932062
15.308	-0.16396226066215708
15.312	-0.020064766404249312
15.316	0.168275961947829
15.32	0.3924863188245402
15.324	0.6386131927885695
15.328	0.8678958986206583
15.332	1.0268457205276662
15.336	1.0817447309119408
15.34	1.0205859077027517
15.344	0.8530058792217877
15.348	0.6120243125780837
15.352	0.34633617938347006
15.356	0.09551329824367188
15.36	-0.11324995562605672
15.364	-0.2649742131525751
15.368	-0.3484555686051895
15.372	-0.37435182262547695
15.376	-0.3610310306780788
15.38	-0.32398955415786135
15.384	-0.27585206038999355
15.388	-0.2263715226298392
15.392	-0.1824292200630184
15.396	-0.14803473780538579
15.4	-0.12432596690308184
15.404	-0.10956910433244571
15.408	-0.09952872596801576
15.412	-0.09173213153419452
15.416	-0.08526045495040663
15.42	-0.07929534427335333
15.424	-0.07317164891259736
15.428	-0.06637741963055571
15.432	-0.058553908542512134
15.436	-0.04949556911659908
15.44	-0.039150056173809344
15.444	-0.027618225887987957
15.448	-0.015073198053811465
15.452	-0.0013699739483459261
15.456	0.013533272409914698
15.46	0.02962534212497364
15.464	0.046866665410820574
15.468	0.06518930159147501
15.472	0.08449693910095823
15.476	0.10466489548330893
15.48	0.1255401173925471
15.484	0.14694118059272854
15.488	0.16865828995790821
15.492	0.1904532794721594
15.496	0.21205961222953507
15.5	0.23318238043412542
15.504	0.25360010846676084
15.508	0.2730434582283692
15.512	0.29114760859453803
15.516	0.30758878023680236
15.52	0.32208424984778516
15.524	0.3343923501412118
15.528	0.3443124698518889
15.532	0.35168505373573766
15.536	0.3563916025697703
15.54	0.35835467315209646
15.544	0.3575378783019215
15.548	0.353945886859551
15.552	0.34762442368638646
15.556	0.3386602696649219
15.56	0.32710737646466004
15.564	0.31307851754717675
15.568	0.2969091554917208
15.572	0.27892671018085013
15.576	0.25944536894438974
15.58	0.23876608655938358
15.584	0.21717658525012584
15.588	0.1949513546881435
15.592	0.1723516519922358
15.596	0.14962550172841482
15.6	0.12700769590994554
15.604	0.10471979399732567
15.608	0.08297012289832473
15.612	0.06195377696792548
15.616	0.04185261800836326
15.62	0.022835275269107724
15.624	0.005058869972228985
15.628	-0.011345895375703297
15.632	-0.02638911945729161
15.636	-0.0401131590127804
15.64	-0.05256309040725771
15.644	-0.063786709630692
15.648	-0.07383453229790721
15.652	-0.0827597936485926
15.656	-0.09061844854728768
15.66	-0.09746917148340584
15.664	-0.10337335657121793
15.668	-0.10839511754985875
15.672	-0.11260128778331835
15.676	-0.11606142026045535
15.68	-0.11884778759498765
15.684	-0.12103538202549613
15.688	-0.12270191541542025
15.692	-0.1239278192530644
15.696	-0.12479624465159367
15.7	-0.1253930623490352
15.704	-0.12578709798266668
15.708	-0.1259179629770929
15.712	-0.12582944361176834
15.716	-0.1255832320988028
15.72	-0.12522939400012345
15.724	-0.12480636822747437
15.728	-0.12434096704241648
15.732	-0.1238483760563277
15.736	-0.12333215423040356
15.74	-0.12278423387565601
15.744	-0.12218492065291409
15.748	-0.12150289357282384
15.752	-0.12069520499584896
15.756	-0.11970728063226949
15.76	-0.11847291954218259
15.764	-0.11691429413550186
15.768	-0.11494195017196007
15.772	-0.11245480676110475
15.776	-0.10934015636230149
15.78	-0.10547366478473064
15.784	-0.10077800379048918
15.788	-0.09512192710703016
15.792	-0.08812848448359795
15.796	-0.07949562207576133
15.8	-0.06900982871403155
15.804	-0.056546135903838834
15.808	-0.04206811782554698
15.812	-0.025627891334442543
15.816	-0.007366115960764585
15.82	0.012488006090339121
15.824	0.03361672993878373
15.828	0.05561376802956414
15.832	0.07798429013271502
15.836	0.10018355551122682
15.84	0.12148574307537552
15.844	0.14098989321947386
15.848	0.1579201550148246
15.852	0.17163399173500493
15.856	0.18162218085582948
15.86	0.1875088140553618
15.864	0.189051297213905
15.868	0.18614035041401833
15.872	0.1787855650479282
15.876	0.16728123000008
15.88	0.15228725391344888
15.884	0.1344833527245929
15.888	0.11454800804442034
15.892	0.09315846715821502
15.896	0.07099074302562047
15.9	0.04871961428067978
15.904	0.027018625231776006
15.908	0.006469994338108465
15.912	-0.012852351363522252
15.916	-0.03032825187862176
15.92	-0.04551811268703404
15.924	-0.05833325381196314
15.928	-0.06903590981998609
15.932	-0.07823922982103537
15.936	-0.08690727746842664
15.94	-0.0963550309588393
15.944	-0.10824838303232787
15.948	-0.12460414097229955
15.952	-0.14794173471868483
15.956	-0.17875239660784167
15.96	-0.21342817235132083
15.964	-0.2460990954587295
15.968	-0.26869428418181107
15.972	-0.2709419415143831
15.976	-0.24036935519232894
15.98	-0.16409258280811853
15.984	-0.03528598957747042
15.988	0.1472358003430001
15.992	0.37292217228290847
15.996	0.6190711007795887
16.0	0.85082914957871
16.004	1.0211914716339416
